"","Name","Position","College","Draft.Year","Team","Draft.Round","Pick.Number","PlayerID","Games","Avg.Value","AV16","Height","Weight","Wonderlic","Forty","Bench","Vert","Broad","Shuttle","ThreeCone","Pro.Bowls","All.Pros"
"1","Darius Leonard","LB","South Carolina State",2018,"IND",2,36,"LeonDa00",28,30,17.1428571428571,74,234,NA,4.7,17,NA,NA,NA,NA,NA,NA
"2","Patrick Willis","LB","Mississippi",2007,"SF",1,11,"WillPa98",112,107,15.2857142857143,73.125,242,NA,4.53,22,39,119,4.46,7.23,4,6
"3","Bobby Wagner","LB","Utah State",2012,"SEA",2,47,"WagnBo00",119,112,15.0588235294118,72.375,241,NA,4.46,NA,NA,NA,NA,NA,NA,NA
"4","Luke Kuechly","LB","Boston College",2012,"CAR",1,9,"KuecLu00",118,107,14.5084745762712,75.25,242,NA,4.58,27,38,123,4.12,6.92,2,3
"5","Von Miller","LB","Texas A&M",2011,"DEN",1,2,"MillVo00",135,117,13.8666666666667,74.625,246,NA,4.42,21,37,126,4.06,6.7,6,4
"6","C.J. Mosley","LB","Alabama",2014,"BAL",1,17,"MoslC.00",79,67,13.5696202531646,74,234,NA,4.65,NA,35,116,4.4,7.3,1,1
"7","Brian Urlacher","LB","New Mexico",2000,"CHI",1,9,"UrlaBr00",182,150,13.1868131868132,75.9,258,NA,4.61,27,34,122,4.18,6.94,NA,NA
"8","Khalil Mack","LB","Buffalo",2014,"OAK",1,5,"MackKh00",94,76,12.936170212766,74.625,251,NA,4.65,23,40,127,4.18,7.08,1,1
"9","NaVorro Bowman","LB",NA,2010,"SF",3,91,"BowmNa99",99,75,12.1212121212121,NA,NA,NA,NA,NA,NA,NA,NA,NA,NA,NA
"10","Tremaine Edmunds","LB","Virginia Tech",2018,"BUF",1,16,"EdmuTr01",31,23,11.8709677419355,76.5,253,NA,4.54,19,NA,117,NA,NA,NA,NA
"11","DeMarcus Ware","LB","Troy (AL)",2005,"DAL",1,11,"WareDe99",178,128,11.5056179775281,76,251,NA,4.6,27,38.5,122,4.07,6.83,5,7
"12","Lance Briggs","LB","Arizona",2003,"CHI",3,68,"BrigLa99",173,123,11.3757225433526,72.6,242,NA,4.78,25,33,113,NA,NA,NA,NA
"13","Dont'a Hightower","LB","Alabama",2012,"NE",1,25,"HighDo01",102,70,10.9803921568627,74.25,265,NA,4.62,NA,32,NA,NA,NA,NA,NA
"14","T.J. Watt","LB",NA,2017,"PIT",1,30,"WattT.00",47,32,10.8936170212766,NA,NA,NA,NA,NA,NA,NA,NA,NA,NA,NA
"15","Jon Beason","LB","Miami (FL)",2007,"CAR",1,25,"BeasJo99",93,61,10.494623655914,72.25,237,NA,4.76,19,NA,111,NA,NA,1,NA
"16","Clay Matthews","LB","Southern California",2009,"GB",1,26,"MattCl99",156,102,10.4615384615385,75.125,240,27,4.62,23,35.5,121,4.18,6.9,5,3
"17","Jamie Collins","LB","Southern Mississippi",2013,"NE",2,52,"CollJa00",96,62,10.3333333333333,75.5,250,17,4.64,19,41.5,139,4.32,7.1,NA,1
"18","Daryl Washington","LB","Texas Christian",2010,"ARI",2,47,"WashDa99",59,38,10.3050847457627,73.75,230,NA,4.58,17,31,114,NA,NA,NA,NA
"19","Leighton Vander Esch","LB","Boise State",2018,"DAL",1,19,"VandLe00",25,16,10.24,76.25,256,NA,4.65,20,39.5,124,4.15,6.88,NA,NA
"20","Terrell Suggs","LB",NA,2003,"BAL",1,10,"SuggTe99",244,155,10.1639344262295,NA,NA,NA,NA,NA,NA,NA,NA,NA,NA,NA
"21","Telvin Smith","LB","Florida State",2014,"JAX",5,144,"SmitTe01",76,48,10.1052631578947,75,218,NA,4.52,NA,31.5,117,NA,NA,NA,NA
"22","Lofa Tatupu","LB","Southern California",2005,"SEA",2,45,"TatuLo99",84,53,10.0952380952381,71.875,238,NA,4.84,23,35,113,4.16,7.31,NA,1
"23","Justin Houston","LB","Georgia",2011,"KC",3,70,"HousJu00",118,74,10.0338983050847,74.875,270,NA,4.62,30,36.5,125,4.37,6.95,2,2
"24","Anthony Barr","LB","UCLA",2014,"MIN",1,9,"BarrAn00",85,53,9.97647058823529,76.875,255,NA,4.66,15,34.5,117,4.19,6.82,2,NA
"25","Eric Kendricks","LB","UCLA",2015,"MIN",2,45,"KendEr00",74,46,9.94594594594595,72.25,232,14,4.61,19,38,124,NA,NA,NA,NA
"26","Devin White","LB","Louisiana State",2019,"TB",1,5,"WhitDe02",13,8,9.84615384615385,72.125,237,NA,4.42,22,39.5,118,4.17,7.07,NA,NA
"27","David Harris","LB","Michigan",2007,"NYJ",2,47,"HarrDa99",164,100,9.75609756097561,74.25,243,NA,4.6,23,33,107,4.29,7.25,NA,1
"28","Ryan Shazier","LB","Ohio State",2014,"PIT",1,15,"ShazRy00",46,28,9.73913043478261,73.125,237,NA,4.58,25,42,128,4.21,6.91,NA,NA
"29","Lavonte David","LB","Nebraska",2012,"TB",2,58,"DaviLa00",121,73,9.65289256198347,72.625,233,NA,4.57,19,36.5,119,4.22,7.28,NA,1
"30","LaVar Arrington","LB",NA,2000,"WAS",1,2,"ArriLa00",85,51,9.6,NA,NA,NA,NA,NA,NA,NA,NA,NA,NA,NA
"31","Alec Ogletree","LB","Georgia",2013,"STL",1,30,"OgleAl00",93,55,9.46236559139785,74.5,242,16,4.7,20,33.5,122,4.39,7.16,NA,NA
"32","Brian Cushing","LB","Southern California",2009,"HOU",1,15,"CushBr99",104,60,9.23076923076923,74.875,243,23,4.64,30,35,120,4.22,6.84,1,NA
"33","Jerod Mayo","LB","Tennessee",2008,"NE",1,10,"MayoJe99",103,59,9.16504854368932,73.25,242,NA,4.59,NA,32,114,4.29,7.31,2,1
"34","Roquan Smith","LB","Georgia",2018,"CHI",1,8,"SmitRo07",28,16,9.14285714285714,72.875,236,NA,4.51,NA,NA,NA,NA,NA,NA,NA
"35","Adalius Thomas","LB",NA,2000,"BAL",6,186,"ThomAd00",135,77,9.12592592592593,NA,NA,NA,NA,NA,NA,NA,NA,NA,NA,NA
"36","Julian Peterson","LB",NA,2000,"SF",1,16,"PeteJu00",158,90,9.11392405063291,NA,NA,NA,NA,NA,NA,NA,NA,NA,NA,NA
"37","Derrick Johnson","LB","Texas",2005,"KC",1,15,"JohnDe25",188,107,9.1063829787234,75.25,242,NA,4.54,NA,37.5,120,3.87,7.2,NA,1
"38","Benardrick McKinney","LB","Mississippi State",2015,"HOU",2,43,"McKiBe00",76,43,9.05263157894737,76.125,246,14,4.66,16,40.5,121,4.27,7.21,1,NA
"39","Devin Bush","LB",NA,2019,"PIT",1,10,"BushDe01",16,9,9,NA,NA,NA,NA,NA,NA,NA,NA,NA,NA,NA
"40","K.J. Wright","LB","Mississippi State",2011,"SEA",4,99,"WrigK.00",128,72,9,75.375,246,NA,4.75,20,32,120,4.46,7.26,1,NA
"41","D'Qwell Jackson","LB","Maryland",2006,"CLE",2,34,"JackDQ20",141,79,8.9645390070922,72.5,230,NA,4.77,19,37,116,4.36,7.05,1,NA
"42","Shawne Merriman","LB",NA,2005,"SD",1,12,"MerrSh99",75,42,8.96,NA,NA,NA,NA,NA,NA,NA,NA,NA,NA,NA
"43","Dan Morgan","LB",NA,2001,"CAR",1,11,"MorgDa99",59,33,8.94915254237288,NA,NA,NA,NA,NA,NA,NA,NA,NA,NA,NA
"44","Sean Lee","LB","Penn State",2010,"DAL",2,55,"LeexSe99",109,60,8.80733944954128,74.125,236,NA,4.71,24,37.5,120,NA,NA,NA,NA
"45","Deion Jones","LB","Louisiana State",2016,"ATL",2,52,"JoneDe01",53,29,8.75471698113208,72.875,222,NA,4.59,NA,33,120,NA,NA,NA,NA
"46","Matt Milano","LB","Boston College",2017,"BUF",5,163,"MilaMa00",44,24,8.72727272727273,72.25,223,NA,4.67,24,35,126,4.38,NA,NA,NA
"47","Jonathan Vilma","LB",NA,2004,"NYJ",1,12,"VilmJo99",125,68,8.704,NA,NA,NA,NA,NA,NA,NA,NA,NA,NA,NA
"48","James Laurinaitis","LB","Ohio State",2009,"STL",2,35,"LaurJa99",117,63,8.61538461538461,73.875,244,NA,4.76,22,33,115,4.24,6.93,NA,NA
"49","Kwon Alexander","LB","Louisiana State",2015,"TB",4,124,"AlexKw00",54,29,8.59259259259259,72.75,227,NA,4.55,24,36,121,4.2,7.14,NA,NA
"50","Leonard Floyd","LB","Georgia",2016,"CHI",1,9,"FloyLe00",54,29,8.59259259259259,77.625,244,NA,4.6,NA,39.5,127,NA,NA,NA,NA
"51","Karlos Dansby","LB",NA,2004,"ARI",2,33,"DansKa20",212,113,8.52830188679245,NA,NA,NA,NA,NA,NA,NA,NA,NA,NA,NA
"52","Brian Orakpo","LB",NA,2009,"WAS",1,13,"OrakBr99",132,70,8.48484848484848,NA,NA,NA,NA,NA,NA,NA,NA,NA,NA,NA
"53","Thomas Davis","LB",NA,2005,"CAR",1,14,"DaviTh20",192,101,8.41666666666667,NA,NA,NA,NA,NA,NA,NA,NA,NA,NA,NA
"54","Blake Martinez","LB","Stanford",2016,"GB",4,131,"MartBl01",61,32,8.39344262295082,73.625,237,NA,4.71,22,28.5,113,4.2,6.98,NA,NA
"55","Lawrence Timmons","LB","Florida State",2007,"PIT",1,15,"TimmLa99",172,90,8.37209302325581,72.875,234,NA,4.67,25,35,123,4.32,6.89,NA,NA
"56","Keith Bulluck","LB","Syracuse",2000,"TEN",1,30,"BullKe00",170,88,8.28235294117647,75,244,NA,4.47,NA,38,119,4.13,7.33,NA,NA
"57","Demario Davis","LB","Arkansas State",2012,"NYJ",3,77,"DaviDe00",128,66,8.25,74,235,NA,4.49,32,38.5,124,4.28,7.19,NA,NA
"58","Chad Greenway","LB","Iowa",2006,"MIN",1,17,"GreeCh99",156,80,8.2051282051282,74.5,242,NA,4.8,16,33.5,117,4.22,7,2,1
"59","Jarrad Davis","LB",NA,2017,"DET",1,21,"DaviJa01",41,21,8.19512195121951,NA,NA,NA,NA,NA,NA,NA,NA,NA,NA,NA
"60","Daryl Smith","LB","Georgia Tech",2004,"JAX",2,39,"SmitDa24",190,96,8.08421052631579,73.6,234,NA,4.67,24,NA,NA,NA,NA,NA,2
"61","DeAndre Levy","LB","Wisconsin",2009,"DET",3,76,"LevyDe99",95,48,8.08421052631579,73.75,236,NA,4.56,19,NA,119,NA,NA,NA,NA
"62","Olivier Vernon","LB",NA,2012,"MIA",3,72,"VernOl00",113,57,8.07079646017699,NA,NA,NA,NA,NA,NA,NA,NA,NA,NA,NA
"63","Paul Posluszny","LB","Penn State",2007,"BUF",2,34,"PoluPa99",145,73,8.0551724137931,73.63,238,NA,4.71,22,37,116,4.2,6.94,NA,NA
"64","DeMeco Ryans","LB","Alabama",2006,"HOU",2,33,"RyanDe20",140,70,8,73.25,236,NA,4.67,23,39,129,4.17,7.19,NA,NA
"65","Fred Warner","LB","Brigham Young",2018,"SF",3,70,"WarnFr00",32,16,8,75.375,236,NA,4.64,21,38.5,119,4.28,6.9,NA,NA
"66","Jaylon Smith","LB","Notre Dame",2016,"DAL",2,34,"SmitJa05",48,24,8,74,223,NA,NA,NA,NA,NA,NA,NA,NA,NA
"67","Reuben Foster","LB",NA,2017,"SF",1,31,"FostRe00",16,8,8,NA,NA,NA,NA,NA,NA,NA,NA,NA,NA,NA
"68","Jordan Hicks","LB","Texas",2015,"PHI",3,84,"HickJo00",59,29,7.86440677966102,73.375,236,28,4.68,20,38,124,4.15,6.78,NA,NA
"69","Myles Jack","LB","UCLA",2016,"JAX",2,36,"JackMy00",59,29,7.86440677966102,73,245,NA,NA,19,NA,NA,NA,NA,NA,NA
"70","Nick Barnett","LB","Oregon State",2003,"GB",1,29,"BarnNi20",153,75,7.84313725490196,73.6,236,NA,4.69,32,34.5,123,4.07,6.97,NA,NA
"71","Danny Trevathan","LB","Kentucky",2012,"DEN",6,188,"TrevDa00",96,47,7.83333333333333,72.25,237,NA,4.75,18,31.5,111,NA,NA,NA,NA
"72","Kendrell Bell","LB","Georgia",2001,"PIT",2,39,"BellKe20",90,44,7.82222222222222,73.3,234,NA,4.62,24,38.5,124,4.5,7.25,NA,1
"73","Zach Cunningham","LB",NA,2017,"HOU",2,57,"CunnZa00",46,22,7.65217391304348,NA,NA,NA,NA,NA,NA,NA,NA,NA,NA,NA
"74","Rey Maualuga","LB","Southern California",2009,"CIN",2,38,"MauaRe99",120,57,7.6,73.75,249,15,4.78,23,NA,107,NA,NA,NA,NA
"75","De'Vondre Campbell","LB",NA,2016,"ATL",4,115,"CampDe00",59,28,7.59322033898305,NA,NA,NA,NA,NA,NA,NA,NA,NA,NA,NA
"76","Marcus Washington","LB","Auburn",2000,"IND",2,59,"WashMa99",131,62,7.57251908396947,75.3,252,NA,4.7,NA,35,118,4.49,6.91,NA,NA
"77","Preston Brown","LB","Louisville",2014,"BUF",3,73,"BrowPr00",81,38,7.50617283950617,73.25,251,NA,4.86,23,33,115,4.26,6.98,NA,NA
"78","Curtis Lofton","LB","Oklahoma",2008,"ATL",2,37,"LoftCu99",128,60,7.5,72,246,NA,4.85,23,24.5,105,4.56,7.69,NA,NA
"79","A.J. Hawk","LB","Ohio State",2006,"GB",1,5,"HawkA.20",159,74,7.44654088050314,73,248,NA,4.64,24,40,115,3.96,6.82,NA,NA
"80","LeRoy Hill","LB",NA,2005,"SEA",3,98,"HillLe20",97,45,7.42268041237113,NA,NA,NA,NA,NA,NA,NA,NA,NA,NA,NA
"81","Cato June","LB",NA,2003,"IND",6,198,"JuneCa99",89,41,7.37078651685393,NA,NA,NA,NA,NA,NA,NA,NA,NA,NA,NA
"82","Kyle Van Noy","LB","Brigham Young",2014,"DET",2,40,"VanNKy00",81,37,7.30864197530864,75.125,243,NA,4.71,21,32.5,111,4.2,7.22,NA,NA
"83","Avery Williamson","LB","Kentucky",2014,"TEN",5,151,"WillAv00",79,36,7.29113924050633,73,246,NA,4.66,25,30.5,120,4.07,7.11,NA,NA
"84","Rashaan Evans","LB","Alabama",2018,"TEN",1,22,"EvanRa01",31,14,7.2258064516129,73.875,232,NA,NA,NA,30,116,4.36,6.95,NA,NA
"85","Zach Brown","LB","North Carolina",2012,"TEN",2,52,"BrowZa00",100,45,7.2,73.25,244,NA,4.44,NA,33.5,116,NA,NA,NA,NA
"86","D.J. Williams","LB",NA,2004,"DEN",1,17,"WillD.20",145,65,7.17241379310345,NA,NA,NA,NA,NA,NA,NA,NA,NA,NA,NA
"87","Rolando McClain","LB","Alabama",2010,"OAK",1,8,"McClRo00",65,29,7.13846153846154,75.375,249,NA,4.68,24,NA,NA,NA,NA,NA,NA
"88","Cliff Avril","LB","Purdue",2008,"DET",3,92,"AvriCl99",140,62,7.08571428571429,74.875,253,NA,4.63,27,32.5,117,4.51,6.9,NA,NA
"89","Joe Schobert","LB","Wisconsin",2016,"CLE",4,99,"SchoJo00",61,27,7.08196721311475,73.375,244,NA,4.76,22,33.5,111,4.3,7.11,NA,NA
"90","Tommy Polley","LB",NA,2001,"STL",2,42,"PollTo21",73,32,7.01369863013699,NA,NA,NA,NA,NA,NA,NA,NA,NA,NA,NA
"91","Mack Wilson","LB","Alabama",2019,"CLE",5,155,"WilsMa03",16,7,7,73.125,240,NA,NA,NA,32,117,NA,NA,NA,NA
"92","Odell Thurman","LB","Georgia",2005,"CIN",2,48,"ThurOd20",16,7,7,72.125,233,NA,4.7,23,34,113,4.28,7.47,NA,NA
"93","Vic Beasley","LB","Clemson",2015,"ATL",1,8,"BeasVi00",78,34,6.97435897435897,75,246,29,4.53,35,41,130,4.15,6.91,NA,NA
"94","Nigel Bradham","LB","Florida State",2012,"BUF",4,105,"BradNi00",115,50,6.95652173913043,73.875,241,NA,4.56,24,37,121,4.37,7.18,NA,NA
"95","Brandon Marshall","LB","Nevada",2012,"JAX",5,142,"MarsBr01",74,32,6.91891891891892,73.375,242,NA,4.72,28,30.5,108,4.09,7.05,NA,NA
"96","E.J. Henderson","LB","Maryland",2003,"MIN",2,40,"HendE.20",125,54,6.912,72.9,245,NA,4.8,20,NA,NA,NA,NA,1,NA
"97","Chris Borland","LB","Wisconsin",2014,"SF",3,77,"BorlCh00",14,6,6.85714285714286,71.5,248,32,4.83,27,31,113,4.27,7.18,NA,NA
"98","Koa Misi","LB","Utah",2010,"MIA",2,40,"MisiKo99",84,36,6.85714285714286,74.625,251,NA,4.75,NA,38,127,4.27,7.07,NA,NA
"99","Mychal Kendricks","LB","California",2012,"PHI",2,46,"KendMy00",103,44,6.83495145631068,71.125,239,NA,4.44,24,39.5,127,4.19,NA,NA,NA
"100","Channing Crowder","LB","Florida",2005,"MIA",3,70,"CrowCh20",82,35,6.82926829268293,74.25,252,NA,NA,NA,NA,NA,NA,NA,NA,NA
"101","Dhani Jones","LB","Michigan",2000,"NYG",6,177,"JoneDh20",157,67,6.82802547770701,73.1,240,NA,4.69,29,NA,NA,NA,NA,NA,NA
"102","Ben Leber","LB","Kansas State",2002,"SD",3,71,"LebeBe20",143,61,6.82517482517482,75,244,NA,4.62,20,32.5,114,4.25,6.75,NA,NA
"103","Kawika Mitchell","LB","South Florida",2003,"KC",2,47,"MitcKa20",97,41,6.76288659793814,73,253,NA,4.69,25,37,117,4.24,7.32,NA,NA
"104","Mason Foster","LB","Washington",2011,"TB",3,84,"FostMa00",107,45,6.72897196261682,73.25,245,NA,4.75,22,31,110,4.45,7.14,NA,NA
"105","Bradie James","LB","Louisiana State",2003,"DAL",4,103,"JameBr20",157,66,6.72611464968153,74.4,242,NA,4.71,NA,32.5,113,4.52,7.53,NA,NA
"106","Scott Fujita","LB","California",2002,"KC",5,143,"FujiSc20",143,60,6.71328671328671,77.5,248,NA,4.63,20,42,122,4.21,7.09,NA,NA
"107","Na'il Diggs","LB",NA,2000,"GB",4,98,"DiggNa20",170,71,6.68235294117647,NA,NA,NA,NA,NA,NA,NA,NA,NA,NA,NA
"108","Jordan Jenkins","LB","Georgia",2016,"NYJ",3,83,"JenkJo01",60,25,6.66666666666667,74.625,259,NA,4.8,16,36.5,121,NA,NA,NA,NA
"109","Bud Dupree","LB",NA,2015,"PIT",1,22,"DuprAl00",70,29,6.62857142857143,NA,NA,NA,NA,NA,NA,NA,NA,NA,NA,NA
"110","Larry Foote","LB","Michigan",2002,"PIT",4,128,"FootLa20",187,77,6.58823529411765,72.9,231,NA,4.85,24,30,NA,4.41,7.18,NA,NA
"111","Anthony Hitchens","LB","Iowa",2014,"DAL",4,119,"HitcAn00",90,37,6.57777777777778,72.375,240,NA,4.74,23,31.5,115,4.45,7.15,NA,NA
"112","Clint Ingram","LB","Oklahoma",2006,"JAX",3,80,"IngrCl20",56,23,6.57142857142857,73.75,244,NA,4.65,22,41,NA,4.1,7.12,NA,NA
"113","Denzel Perryman","LB","Miami (FL)",2015,"SD",2,48,"PerrDe00",56,23,6.57142857142857,70.75,236,17,4.78,27,32,113,NA,NA,NA,NA
"114","Ian Gold","LB","Michigan",2000,"DEN",2,40,"GoldIa00",115,47,6.53913043478261,73.1,221,NA,4.58,21,33,115,4.19,6.97,NA,NA
"115","Pisa Tinoisamoa","LB","Hawaii",2003,"STL",2,43,"TinoPi20",98,40,6.53061224489796,72.4,231,NA,4.69,19,34.5,111,4.07,6.95,NA,NA
"116","Trent Murphy","LB",NA,2014,"WAS",2,47,"MurpTr00",76,31,6.52631578947368,NA,NA,NA,NA,NA,NA,NA,NA,NA,NA,NA
"117","Will Witherspoon","LB","Georgia",2002,"CAR",3,73,"WithWi20",189,77,6.51851851851852,73.5,231,NA,4.63,25,38,120,4.21,7.09,NA,NA
"118","Kiko Alonso","LB","Oregon",2013,"BUF",2,46,"AlonKi00",86,35,6.51162790697674,75.375,238,NA,NA,NA,NA,NA,NA,NA,NA,NA
"119","Shaq Thompson","LB","Washington",2015,"CAR",1,25,"ThomSh01",70,28,6.4,72.125,228,NA,4.64,NA,33.5,117,4.08,6.99,NA,NA
"120","Thomas Howard","LB","Texas-El Paso",2006,"OAK",2,38,"HowaTh20",95,38,6.4,75.25,239,NA,4.46,21,39,124,4.28,6.96,NA,NA
"121","Akin Ayodele","LB","Purdue",2002,"JAX",3,89,"AyodAk20",143,57,6.37762237762238,74.1,257,NA,4.86,26,35,119,4.12,7,NA,NA
"122","David Thornton","LB","North Carolina",2002,"IND",4,106,"ThorDa20",121,48,6.34710743801653,73.9,236,NA,4.66,26,35.5,116,4.09,6.93,NA,NA
"123","Barrett Ruud","LB","Nebraska",2005,"TB",2,36,"RuudBa20",116,46,6.3448275862069,74.5,241,NA,4.76,25,34.5,108,3.94,7.22,NA,NA
"124","Kirk Morrison","LB","San Diego State",2005,"OAK",3,78,"MorrKi20",112,44,6.28571428571429,73,235,NA,4.69,25,NA,NA,4.31,NA,NA,NA
"125","Jayon Brown","LB",NA,2017,"TEN",5,155,"BrowJa06",46,18,6.26086956521739,NA,NA,NA,NA,NA,NA,NA,NA,NA,NA,NA
"126","Anthony Walker","LB","Northwestern",2017,"IND",5,161,"WalkAn01",41,16,6.24390243902439,72.625,238,NA,4.65,23,30.5,115,NA,NA,NA,NA
"127","Ed Hartwell","LB",NA,2001,"BAL",4,126,"HartEd20",77,30,6.23376623376623,NA,NA,NA,NA,NA,NA,NA,NA,NA,NA,NA
"128","Michael Boley","LB","Southern Mississippi",2005,"ATL",5,160,"BoleMi20",131,51,6.22900763358779,74.75,236,NA,4.62,NA,34,110,4.12,7.08,NA,NA
"129","Donald Butler","LB","Washington",2010,"SD",3,79,"ButlDo99",85,33,6.21176470588235,73.125,245,NA,4.62,35,NA,NA,NA,NA,NA,NA
"130","Harold Landry","LB","Boston College",2018,"TEN",2,41,"LandHa00",31,12,6.19354838709677,74.375,252,NA,4.64,24,36,119,4.19,6.88,NA,NA
"131","Andra Davis","LB","Florida",2002,"CLE",5,141,"DaviAn20",143,55,6.15384615384615,72.9,244,NA,4.77,20,31.5,106,NA,NA,NA,NA
"132","Ben Gedeon","LB","Michigan",2017,"MIN",4,120,"GedeBe00",39,15,6.15384615384615,73.625,244,NA,4.75,27,34.5,119,4.39,6.98,NA,NA
"133","Jarvis Jones","LB","Georgia",2013,"PIT",1,17,"JoneJa05",50,19,6.08,74.375,241,13,4.74,NA,NA,NA,NA,NA,NA,NA
"134","Raekwon McMillan","LB",NA,2017,"MIA",2,54,"McMiRa02",29,11,6.06896551724138,NA,NA,NA,NA,NA,NA,NA,NA,NA,NA,NA
"135","Perry Riley","LB","Louisiana State",2010,"WAS",4,103,"RilePe00",90,34,6.04444444444444,73,239,NA,4.69,NA,35.5,119,4.25,6.97,NA,NA
"136","Hunter Hillenmeyer","LB",NA,2003,"GB",5,166,"HillHu20",101,38,6.01980198019802,NA,NA,NA,NA,NA,NA,NA,NA,NA,NA,NA
"137","Scott Shanle","LB","Nebraska",2003,"STL",7,251,"ShanSc20",133,50,6.01503759398496,74.1,245,NA,4.71,20,31,111,4.32,7.27,NA,NA
"138","Aaron Curry","LB","Wake Forest",2009,"SEA",1,4,"CurrAa99",48,18,6,73.75,254,NA,4.52,25,37,124,4.51,7.15,NA,NA
"139","Boss Bailey","LB","Georgia",2003,"DET",2,34,"BailBo20",64,24,6,75.1,233,NA,4.58,NA,42,135,NA,NA,NA,NA
"140","Cole Holcomb","LB","North Carolina",2019,"WAS",5,173,"HolcCo00",16,6,6,73.25,231,NA,NA,NA,NA,NA,NA,NA,NA,NA
"141","Darron Lee","LB","Ohio State",2016,"NYJ",1,20,"LeexDa00",56,21,6,72.75,232,NA,4.47,17,35.5,133,4.2,7.12,NA,NA
"142","Dre Greenlaw","LB",NA,2019,"SF",5,148,"GreeDr00",16,6,6,NA,NA,NA,NA,NA,NA,NA,NA,NA,NA,NA
"143","Jerome Baker","LB","Ohio State",2018,"MIA",3,73,"BakeJe00",32,12,6,73.125,229,NA,4.53,22,36.5,126,NA,NA,NA,NA
"144","Josh Allen","LB",NA,2019,"JAX",1,7,"AlleJo03",16,6,6,NA,NA,NA,NA,NA,NA,NA,NA,NA,NA,NA
"145","Terrell Edmunds","LB",NA,2018,"PIT",1,28,"EdmuTe00",32,12,6,NA,NA,NA,NA,NA,NA,NA,NA,NA,NA,NA
"146","Stephen Tulloch","LB","North Carolina State",2006,"TEN",4,116,"TullSt20",159,59,5.93710691823899,70.75,241,NA,4.93,27,33.5,113,4.15,7.19,NA,1
"147","Manti Te'o","LB","Notre Dame",2013,"SD",2,38,"TeoxMa00",62,23,5.93548387096774,73.25,241,23,4.82,NA,33,113,4.27,7.13,NA,NA
"148","Napoleon Harris","LB","Northwestern",2002,"OAK",1,23,"HarrNa20",100,37,5.92,74.9,253,NA,4.57,27,34,110,4.44,7.15,NA,NA
"149","Christian Kirksey","LB","Iowa",2014,"CLE",3,71,"KirkCh00",73,27,5.91780821917808,73.75,233,NA,4.72,16,32,122,NA,NA,NA,NA
"150","Clint Session","LB",NA,2007,"IND",4,136,"SessCl99",57,21,5.89473684210526,NA,NA,NA,NA,NA,NA,NA,NA,NA,NA,NA
"151","Miles Burris","LB","San Diego State",2012,"OAK",4,129,"BurrMi00",38,14,5.89473684210526,74.125,246,NA,4.73,31,37.5,121,NA,NA,NA,NA
"152","Morlon Greenwood","LB","Syracuse",2001,"MIA",3,88,"GreeMo20",125,46,5.888,72.4,237,NA,4.61,21,33.5,112,4.08,7.62,NA,NA
"153","Elandon Roberts","LB","Houston",2016,"NE",6,214,"RobeEl00",60,22,5.86666666666667,71.375,234,NA,NA,NA,NA,NA,NA,NA,NA,NA
"154","Justin Durant","LB","Hampton (VA)",2007,"JAX",2,48,"DuraJu99",128,46,5.75,72.88,230,NA,4.55,25,36,121,4.09,6.77,NA,NA
"155","Sean Weatherspoon","LB","Missouri",2010,"ATL",1,19,"WeatSe99",67,24,5.73134328358209,73.25,239,NA,4.62,34,40,123,4.38,6.99,NA,1
"156","Jason Babin","LB",NA,2004,"HOU",1,27,"BabiJa20",148,53,5.72972972972973,NA,NA,NA,NA,NA,NA,NA,NA,NA,NA,NA
"157","Brandon Spoon","LB","North Carolina",2001,"BUF",4,110,"SpooBr20",14,5,5.71428571428571,74.4,245,NA,4.73,33,35.5,110,4.15,7.3,NA,NA
"158","Reggie Ragland","LB","Alabama",2016,"BUF",2,41,"RaglRe00",42,15,5.71428571428571,73.25,247,NA,4.72,NA,31.5,116,4.28,NA,NA,NA
"159","Rocky McIntosh","LB",NA,2006,"WAS",2,35,"McInRo20",124,44,5.67741935483871,NA,NA,NA,NA,NA,NA,NA,NA,NA,NA,NA
"160","Victor Hobson","LB","Michigan",2003,"NYJ",2,53,"HobsVi20",79,28,5.67088607594937,72.5,252,NA,4.88,29,33,117,4.32,7.25,NA,NA
"161","Keith Rivers","LB","Southern California",2008,"CIN",1,9,"RiveKe99",74,26,5.62162162162162,74.25,241,NA,NA,24,NA,NA,NA,NA,NA,NA
"162","Brandon Short","LB",NA,2000,"NYG",4,105,"ShorBr20",100,35,5.6,NA,NA,NA,NA,NA,NA,NA,NA,NA,NA,NA
"163","Keith Ellison","LB","Oregon State",2006,"BUF",6,178,"ElliKe20",58,20,5.51724137931035,73.5,235,NA,4.83,24,32.5,115,4.16,7.22,NA,NA
"164","Tahir Whitehead","LB","Temple",2012,"DET",5,138,"WhitTa00",125,43,5.504,73.25,233,NA,4.62,21,37,124,4.37,7.14,NA,NA
"165","Gerald Hayes","LB","Pittsburgh",2003,"ARI",3,70,"HayeGe20",94,32,5.4468085106383,72.9,238,NA,4.75,NA,30.5,107,4.35,7.57,NA,NA
"166","Sio Moore","LB","Connecticut",2013,"OAK",3,66,"MoorSi00",47,16,5.4468085106383,72.75,245,NA,4.65,29,38,127,4.31,7.49,NA,NA
"167","Barrett Green","LB","West Virginia",2000,"DET",2,50,"GreeBa20",65,22,5.41538461538462,73,233,NA,4.56,22,36,120,NA,NA,NA,NA
"168","Clark Haggans","LB","Colorado State",2000,"PIT",5,137,"HaggCl20",172,58,5.3953488372093,75.4,253,NA,5.01,20,31.5,109,4.21,7.12,NA,NA
"169","Geno Hayes","LB","Florida State",2008,"TB",6,175,"HayeGe98",101,34,5.38613861386139,72.875,226,NA,4.67,22,26.5,116,4.48,7.22,NA,NA
"170","Brooks Reed","LB","Arizona",2011,"HOU",2,42,"ReedBr00",129,43,5.33333333333333,74.5,263,NA,4.65,30,30.5,113,4.28,7.11,NA,NA
"171","Courtney Watson","LB","Notre Dame",2004,"NO",2,60,"WatsCo20",21,7,5.33333333333333,73.4,237,NA,4.56,22,36.5,114,4.35,7.39,NA,NA
"172","Nick Vigil","LB","Utah State",2016,"CIN",3,87,"VigiNi00",54,18,5.33333333333333,74.375,239,NA,4.72,NA,31.5,115,4,6.73,NA,NA
"173","Pat Angerer","LB","Iowa",2010,"IND",2,63,"AngePa99",54,18,5.33333333333333,72.25,235,NA,4.71,26,35,110,4.29,7.04,NA,NA
"174","Peter Sirmon","LB","Oregon",2000,"TEN",4,128,"SirmPe20",81,27,5.33333333333333,73.9,246,NA,4.86,20,34.5,115,4.27,7.21,NA,NA
"175","Kevin Burnett","LB","Tennessee",2005,"DAL",2,42,"BurnKe20",136,45,5.29411764705882,74.875,239,NA,4.61,20,36,119,NA,NA,NA,1
"176","Akeem Ayers","LB","UCLA",2011,"TEN",2,39,"AyerAk00",97,32,5.27835051546392,74.5,254,NA,4.81,18,31,116,4.28,7.49,NA,NA
"177","Raynoch Thompson","LB",NA,2000,"ARI",2,41,"ThomRa23",64,21,5.25,NA,NA,NA,NA,NA,NA,NA,NA,NA,NA,NA
"178","Lester Towns","LB",NA,2000,"CAR",7,221,"TownLe20",61,20,5.24590163934426,NA,NA,NA,NA,NA,NA,NA,NA,NA,NA,NA
"179","Keenan Robinson","LB","Texas",2012,"WAS",4,119,"RobiKe01",58,19,5.24137931034483,75.125,242,NA,4.72,27,35.5,120,NA,NA,NA,NA
"180","Ben Taylor","LB","Virginia Tech",2002,"CLE",4,111,"TaylBe20",49,16,5.22448979591837,73.9,236,NA,4.79,19,35.5,116,4.09,6.56,NA,NA
"181","James Davis","LB",NA,2003,"DET",5,144,"DaviJa24",40,13,5.2,NA,NA,NA,NA,NA,NA,NA,NA,NA,NA,NA
"182","Brandon Spikes","LB","Florida",2010,"NE",2,62,"SpikBr99",78,25,5.12820512820513,74.875,249,NA,5.05,NA,29,111,NA,6.97,NA,NA
"183","Dee Ford","LB",NA,2014,"KC",1,23,"FordDe00",78,25,5.12820512820513,NA,NA,NA,NA,NA,NA,NA,NA,NA,NA,NA
"184","Ramik Wilson","LB","Georgia",2015,"KC",4,118,"WilsRa00",47,15,5.1063829787234,73.75,237,NA,4.77,23,35,111,4.51,NA,NA,NA
"185","Malcolm Smith","LB","Southern California",2011,"SEA",7,242,"SmitMa02",104,33,5.07692307692308,72.25,226,NA,NA,NA,NA,NA,NA,NA,NA,NA
"186","Ja'Whaun Bentley","LB",NA,2018,"NE",5,143,"BentJa00",19,6,5.05263157894737,NA,NA,NA,NA,NA,NA,NA,NA,NA,NA,NA
"187","Jonathan Bostic","LB",NA,2013,"CHI",2,50,"BostJo00",86,27,5.02325581395349,NA,NA,NA,NA,NA,NA,NA,NA,NA,NA,NA
"188","Germaine Pratt","LB",NA,2019,"CIN",3,72,"PratGe00",16,5,5,NA,NA,NA,NA,NA,NA,NA,NA,NA,NA,NA
"189","Kendell Beckwith","LB","Louisiana State",2017,"TB",3,107,"BeckKe00",16,5,5,74.125,243,NA,NA,20,NA,NA,NA,NA,NA,NA
"190","Ernie Sims","LB","Florida State",2006,"DET",1,9,"SimsEr20",109,34,4.99082568807339,71.13,231,NA,4.56,25,41,125,4.22,7.31,NA,NA
"191","Matt Stewart","LB","Vanderbilt",2001,"ATL",4,102,"StewMa21",93,29,4.98924731182796,75.6,236,NA,4.75,23,37,117,4.2,7.08,NA,NA
"192","A.J. Klein","LB","Iowa State",2013,"CAR",5,148,"KleiAJ00",103,32,4.97087378640777,73.25,250,NA,4.66,20,NA,113,NA,NA,NA,NA
"193","Vince Williams","LB","Florida State",2013,"PIT",6,206,"WillVi01",107,33,4.93457943925234,72.75,233,NA,NA,NA,NA,NA,NA,NA,NA,NA
"194","Angelo Crowell","LB","Virginia",2003,"BUF",3,94,"CrowAn20",65,20,4.92307692307692,72.4,236,NA,4.71,25,32.5,NA,4.26,7.07,NA,NA
"195","Kevin Ellison","LB","Southern California",2009,"SD",6,189,"ElliKe98",13,4,4.92307692307692,72.875,227,NA,4.8,32,NA,NA,NA,NA,NA,NA
"196","Leon Jacobs","LB","Wisconsin",2018,"JAX",7,230,"JacoLe00",26,8,4.92307692307692,73.125,246,NA,4.48,26,34.5,122,4.44,7.14,NA,NA
"197","Landon Johnson","LB","Purdue",2004,"CIN",3,96,"JohnLa20",101,31,4.91089108910891,74,223,NA,4.65,20,37.5,120,4.08,7.01,NA,NA
"198","Colin McCarthy","LB","Miami (FL)",2011,"TEN",4,109,"McCaCo00",36,11,4.88888888888889,73.375,238,NA,4.59,23,36.5,119,4.2,6.93,NA,NA
"199","Omar Gaither","LB","Tennessee",2006,"PHI",5,168,"GaitOm20",92,28,4.8695652173913,73,234,NA,4.8,23,37,116,4.28,7.31,NA,NA
"200","Sedrick Hodge","LB","North Carolina",2001,"NO",3,70,"HodgSe20",63,19,4.82539682539683,75.8,244,NA,4.48,21,32,120,4.09,NA,NA,NA
"201","Moise Fokou","LB","Maryland",2009,"PHI",7,230,"FokoMo99",73,22,4.82191780821918,73.125,233,NA,4.65,12,31,121,4.28,7.09,NA,NA
"202","Brian Rolle","LB","Ohio State",2011,"PHI",6,193,"RollBr00",20,6,4.8,69.625,229,NA,4.53,28,33,115,4.26,6.89,NA,NA
"203","Courtney Upshaw","LB",NA,2012,"BAL",2,35,"UpshCo00",90,27,4.8,NA,NA,NA,NA,NA,NA,NA,NA,NA,NA,NA
"204","Kevin Minter","LB","Louisiana State",2013,"ARI",2,45,"MintKe00",91,27,4.74725274725275,71.75,246,NA,4.81,25,33,119,NA,NA,NA,NA
"205","Desmond Bishop","LB","California",2007,"GB",6,192,"BishDe99",75,22,4.69333333333333,73.875,239,NA,4.8,33,NA,NA,NA,NA,NA,NA
"206","Danny Clark","LB","Illinois",2000,"JAX",7,245,"ClarDa21",168,49,4.66666666666667,74.1,245,NA,4.77,20,NA,NA,NA,NA,NA,NA
"207","Jeff Ulbrich","LB","Hawaii",2000,"SF",3,86,"UlbrJe20",120,35,4.66666666666667,72.4,249,NA,4.7,24,32,109,4.3,7.23,NA,NA
"208","Freddy Keiaho","LB","San Diego State",2006,"IND",3,94,"KeiaFr20",55,16,4.65454545454545,71.25,224,NA,4.65,15,36,113,4.12,7.01,NA,NA
"209","Brady Poppinga","LB",NA,2005,"GB",4,125,"PoppBr20",100,29,4.64,NA,NA,NA,NA,NA,NA,NA,NA,NA,NA,NA
"210","Demorrio Williams","LB","Nebraska",2004,"ATL",4,101,"WillDe22",138,40,4.63768115942029,72.8,232,NA,4.54,16,37,125,4.11,7.02,NA,NA
"211","B.J. Goodson","LB","Clemson",2016,"NYG",4,109,"GoodB.00",52,15,4.61538461538461,72.625,242,NA,4.69,30,34.5,118,4.51,7.05,NA,NA
"212","Stephen Nicholas","LB","South Florida",2007,"ATL",4,109,"NichSt99",101,29,4.59405940594059,73.38,232,NA,4.64,29,33.5,110,4.45,7.29,NA,NA
"213","Jatavis Brown","LB","Akron",2016,"SD",5,175,"BrowJa05",56,16,4.57142857142857,70.875,227,NA,NA,NA,NA,NA,NA,NA,NA,NA
"214","Kyle Emanuel","LB","North Dakota State",2015,"SD",5,153,"EmanKy00",63,18,4.57142857142857,75.25,255,NA,4.77,27,34,120,4.25,7.1,NA,NA
"215","Robert Thomas","LB","UCLA",2002,"STL",1,31,"ThomRo20",84,24,4.57142857142857,72,229,NA,4.53,21,34,114,4.1,7.21,NA,NA
"216","James Anderson","LB","Virginia Tech",2006,"CAR",3,88,"AndeJa21",123,35,4.55284552845528,74.75,229,NA,4.62,NA,41,121,4.07,6.67,NA,NA
"217","Jelani Jenkins","LB","Florida",2013,"MIA",4,104,"JenkJe00",60,17,4.53333333333333,72.5,243,NA,4.54,27,NA,NA,NA,NA,NA,NA
"218","Kavell Conner","LB","Clemson",2010,"IND",7,240,"ConnKa99",78,22,4.51282051282051,72.5,242,NA,4.59,24,33.5,110,4.6,7.36,NA,NA
"219","T.J. Slaughter","LB","Southern Mississippi",2000,"JAX",3,92,"SlauT.20",78,22,4.51282051282051,72.1,247,NA,4.91,24,30,112,4.26,7.08,NA,NA
"220","Nick Kwiatkoski","LB","West Virginia",2016,"CHI",4,113,"KwiaNi00",57,16,4.49122807017544,74,243,NA,4.73,19,32,120,4.22,7.16,NA,NA
"221","Kelvin Sheppard","LB","Louisiana State",2011,"BUF",3,68,"ShepKe00",107,30,4.48598130841121,73.875,250,NA,4.64,22,33.5,110,4.28,NA,NA,NA
"222","Antonio Morrison","LB","Florida",2016,"IND",4,125,"MorrAn01",47,13,4.42553191489362,72.75,232,NA,NA,NA,NA,NA,NA,NA,NA,NA
"223","Orlando Huff","LB","Frenso State (CA)",2001,"SEA",4,104,"HuffOr20",87,24,4.41379310344828,74.4,245,NA,4.7,16,NA,NA,NA,NA,NA,NA
"224","Jacquian Williams","LB","Texas Tech",2011,"NYG",6,202,"WillJa02",51,14,4.3921568627451,74.625,231,NA,NA,NA,NA,NA,NA,NA,NA,NA
"225","Mark Simoneau","LB","Kansas State",2000,"ATL",3,67,"SimoMa20",124,34,4.38709677419355,72,237,NA,4.63,24,36,117,4.09,7.08,NA,NA
"226","Alex Anzalone","LB",NA,2017,"NO",3,76,"AnzaAl00",22,6,4.36363636363636,NA,NA,NA,NA,NA,NA,NA,NA,NA,NA,NA
"227","Rob Morris","LB","Brigham Young",2000,"IND",1,28,"MorrRo20",99,27,4.36363636363636,73.9,250,NA,4.77,18,33,113,4.17,6.93,NA,NA
"228","Quincy Black","LB","New Mexico",2007,"TB",3,68,"BlacQu99",81,22,4.34567901234568,73.625,240,NA,4.48,24,41.5,124,4.34,6.86,NA,NA
"229","Samson Ebukam","LB","Eastern Washington",2017,"LAR",4,125,"EbukSa00",48,13,4.33333333333333,73.875,240,NA,NA,NA,NA,NA,NA,NA,NA,NA
"230","Dante Fowler","LB","Florida",2015,"JAX",1,3,"FowlDa00",63,17,4.31746031746032,74.625,261,16,4.6,19,32.5,112,4.32,7.4,NA,NA
"231","Cory James","LB","Colorado State",2016,"OAK",6,194,"JameCo00",26,7,4.30769230769231,73,229,NA,NA,NA,NA,NA,NA,NA,NA,NA
"232","Brandon Chillar","LB","UCLA",2004,"STL",4,130,"ChilBr20",97,26,4.28865979381443,74.9,253,NA,4.75,23,33,115,4.08,NA,NA,NA
"233","Jahlani Tavai","LB","Hawaii",2019,"DET",2,43,"TavaJa00",15,4,4.26666666666667,74.375,246,NA,NA,NA,NA,NA,NA,NA,NA,NA
"234","Stewart Bradley","LB","Nebraska",2007,"PHI",3,87,"BradSt99",76,20,4.21052631578947,75.75,254,NA,4.74,28,35.5,112,4.17,7.29,NA,NA
"235","Levar Fisher","LB","North Carolina State",2002,"ARI",2,49,"FishLe20",23,6,4.17391304347826,72.9,233,NA,4.62,NA,31,108,NA,7.3,NA,NA
"236","Tyjuan Hagler","LB","Cincinnati",2005,"IND",5,173,"HaglTy20",50,13,4.16,71.6,236,NA,4.61,35,35.5,114,4.07,7.21,NA,NA
"237","Josey Jewell","LB","Iowa",2018,"DEN",4,106,"JeweJo00",31,8,4.12903225806452,73,234,NA,4.82,18,33,117,4.27,6.8,NA,NA
"238","Caleb Miller","LB","Arkansas",2004,"CIN",3,80,"MillCa20",39,10,4.1025641025641,75.3,224,NA,4.71,23,34.5,120,3.93,6.85,NA,NA
"239","Kroy Biermann","LB","Montana",2008,"ATL",5,154,"BierKr99",114,29,4.07017543859649,74.875,246,NA,4.87,29,31.5,112,4.56,7.08,NA,NA
"240","Bobby Okereke","LB",NA,2019,"IND",3,89,"OkerBo00",16,4,4,NA,NA,NA,NA,NA,NA,NA,NA,NA,NA,NA
"241","D.J. Smith","LB","Appalachian State (NC)",2011,"GB",6,186,"SmitD.00",24,6,4,70.625,239,NA,4.88,20,31,104,4.45,7.35,NA,NA
"242","Haason Reddick","LB",NA,2017,"ARI",1,13,"ReddHa00",48,12,4,NA,NA,NA,NA,NA,NA,NA,NA,NA,NA,NA
"243","Philip Wheeler","LB","Georgia Tech",2008,"IND",3,93,"WheePh99",133,33,3.96992481203007,73.88,248,NA,4.82,24,31,118,4.29,7.11,NA,NA
"244","Gerald Hodges","LB","Penn State",2013,"MIN",4,120,"HodgGe00",81,20,3.95061728395062,73,243,NA,4.78,22,NA,119,NA,NA,NA,NA
"245","Colby Bockwoldt","LB","Brigham Young",2004,"NO",7,240,"BockCo20",49,12,3.91836734693878,73.6,230,NA,4.59,14,34,112,4.05,7.12,NA,NA
"246","Joe Mays","LB","North Dakota State",2008,"PHI",6,200,"MaysJo99",78,19,3.8974358974359,71,245,NA,NA,NA,NA,NA,NA,NA,NA,NA
"247","Jonathan Goff","LB","Vanderbilt",2008,"NYG",5,165,"GoffJo99",37,9,3.89189189189189,74,245,NA,4.73,28,31.5,118,4.26,6.86,NA,NA
"248","Andre Branch","LB",NA,2012,"JAX",2,38,"BranAn00",95,23,3.87368421052632,NA,NA,NA,NA,NA,NA,NA,NA,NA,NA,NA
"249","Brad Jones","LB","Colorado",2009,"GB",7,218,"JoneBr99",83,20,3.85542168674699,74.875,232,NA,NA,NA,NA,NA,NA,NA,NA,NA
"250","Jamar Chaney","LB","Mississippi State",2010,"PHI",7,220,"ChanJa98",54,13,3.85185185185185,72.75,242,NA,4.54,26,39,124,4.29,6.9,NA,NA
"251","Damien Wilson","LB","Minnesota",2015,"DAL",4,127,"WilsDa02",80,19,3.8,72,245,NA,4.77,22,37,119,4.2,7.21,NA,NA
"252","Marquel Lee","LB",NA,2017,"OAK",5,168,"LeexMa01",34,8,3.76470588235294,NA,NA,NA,NA,NA,NA,NA,NA,NA,NA,NA
"253","Nick Greisen","LB",NA,2002,"NYG",5,152,"GreiNi20",98,23,3.75510204081633,NA,NA,NA,NA,NA,NA,NA,NA,NA,NA,NA
"254","Darryl Sharpton","LB","Miami (FL)",2010,"HOU",4,102,"SharDa01",47,11,3.74468085106383,71.375,236,NA,4.81,24,NA,NA,4.42,7.19,NA,NA
"255","James-Michael Johnson","LB","Nevada",2012,"CLE",4,120,"JohnJa04",47,11,3.74468085106383,73.125,241,NA,4.6,23,37,124,4.37,7.34,NA,NA
"256","Jasper Brinkley","LB","South Carolina",2009,"MIN",5,150,"BrinJa99",94,22,3.74468085106383,73.625,252,NA,4.67,26,35.5,114,4.32,7.03,NA,NA
"257","Kenny Young","LB","UCLA",2018,"BAL",4,122,"YounKe03",30,7,3.73333333333333,73,236,NA,4.6,23,36,117,4.48,7.38,NA,NA
"258","Korey Toomer","LB","Idaho",2012,"SEA",5,154,"ToomKo00",53,12,3.62264150943396,74.25,234,NA,NA,NA,NA,NA,NA,NA,NA,NA
"259","Kaluka Maiava","LB","Southern California",2009,"CLE",4,104,"MaiaKa99",63,14,3.55555555555556,71.5,229,NA,4.7,30,NA,110,4.2,6.98,NA,NA
"260","Nate Webster","LB",NA,2000,"TB",3,90,"WebsNa20",99,22,3.55555555555556,NA,NA,NA,NA,NA,NA,NA,NA,NA,NA,NA
"261","Rocky Calmus","LB","Oklahoma",2002,"TEN",3,77,"CalmRo20",27,6,3.55555555555556,75.1,243,NA,4.69,16,NA,NA,NA,NA,NA,NA
"262","Tully Banta-Cain","LB",NA,2003,"NE",7,239,"BantTu20",113,25,3.53982300884956,NA,NA,NA,NA,NA,NA,NA,NA,NA,NA,NA
"263","Zach Diles","LB",NA,2007,"HOU",7,218,"DileZa99",74,16,3.45945945945946,NA,NA,NA,NA,NA,NA,NA,NA,NA,NA,NA
"264","Joe Odom","LB","Purdue",2003,"CHI",6,191,"OdomJo20",28,6,3.42857142857143,72.9,241,NA,4.62,26,NA,NA,NA,NA,NA,NA
"265","Eli Harold","LB","Virginia",2015,"SF",3,79,"HaroEl00",61,13,3.40983606557377,75.125,247,NA,4.6,NA,35,123,4.16,7.07,NA,NA
"266","Jeremiah Attaochu","LB","Georgia Tech",2014,"SD",2,50,"AttaJe00",61,13,3.40983606557377,75.25,252,NA,NA,NA,NA,NA,NA,NA,NA,NA
"267","Jermaine Cunningham","LB",NA,2010,"NE",2,53,"CunnJe99",38,8,3.36842105263158,NA,NA,NA,NA,NA,NA,NA,NA,NA,NA,NA
"268","J.T. Thomas","LB","West Virginia",2011,"CHI",6,195,"ThomJ.02",62,13,3.35483870967742,73,241,NA,4.73,23,30.5,114,4.28,7.23,NA,NA
"269","Bruce Carter","LB","North Carolina",2011,"DAL",2,40,"CartBr00",101,21,3.32673267326733,73.5,241,NA,4.57,25,NA,NA,NA,NA,NA,NA
"270","Matt Wilhelm","LB",NA,2003,"SD",4,112,"WilhMa20",89,18,3.23595505617978,NA,NA,NA,NA,NA,NA,NA,NA,NA,NA,NA
"271","Akeem Dent","LB","Georgia",2011,"ATL",3,91,"DentAk00",90,18,3.2,73,242,NA,4.78,24,37.5,123,NA,NA,NA,NA
"272","Antwan Peek","LB","Cincinnati",2003,"HOU",3,67,"PeekAn20",65,13,3.2,74.6,246,NA,4.67,21,37,125,4.33,7.06,NA,NA
"273","Corey Moore","LB","Virginia Tech",2000,"BUF",3,89,"MoorCo20",10,2,3.2,70.9,223,NA,4.62,21,NA,NA,NA,NA,NA,NA
"274","David Vobora","LB",NA,2008,"STL",7,252,"VoboDa99",40,8,3.2,NA,NA,NA,NA,NA,NA,NA,NA,NA,NA,NA
"275","Derrick Pope","LB","Alabama",2004,"MIA",7,222,"PopeDe20",55,11,3.2,70.9,230,NA,4.69,24,NA,106,NA,NA,NA,NA
"276","Drue Tranquill","LB","Notre Dame",2019,"LAC",4,130,"TranDr00",15,3,3.2,74,234,NA,4.57,31,37.5,122,4.14,6.94,NA,NA
"277","Jamie Winborn","LB","Vanderbilt",2001,"SF",2,47,"WinbJa20",100,20,3.2,71,229,NA,4.63,NA,35.5,111,NA,NA,NA,NA
"278","Teddy Lehman","LB","Oklahoma",2004,"DET",2,37,"LehmTe20",45,9,3.2,73.5,240,NA,4.55,26,34.5,113,4.06,6.91,NA,NA
"279","Arthur Moats","LB","James Madison (VA)",2010,"BUF",6,178,"MoatAr00",121,24,3.17355371900826,72.25,246,NA,4.64,24,36.5,122,4.37,7.22,NA,NA
"280","Hayes Pullard","LB","Southern California",2015,"CLE",7,219,"PullHa00",46,9,3.1304347826087,72.5,240,NA,4.78,19,31,110,4.39,7.07,NA,NA
"281","Chaun Thompson","LB","West Texas A&M",2003,"CLE",2,52,"ThomCh23",98,19,3.10204081632653,73.9,240,NA,4.56,29,35.5,123,4.16,7,NA,NA
"282","Bryan Knight","LB",NA,2002,"CHI",5,165,"KnigBr20",31,6,3.09677419354839,NA,NA,NA,NA,NA,NA,NA,NA,NA,NA,NA
"283","Dan Connor","LB",NA,2008,"CAR",3,74,"ConnDa99",62,12,3.09677419354839,NA,NA,NA,NA,NA,NA,NA,NA,NA,NA,NA
"284","Genard Avery","LB","Memphis",2018,"CLE",5,150,"AverGe00",26,5,3.07692307692308,72.5,248,NA,4.59,26,36,124,4.36,6.9,NA,NA
"285","Kevin Bentley","LB","Northwestern",2002,"CLE",4,101,"BentKe20",136,26,3.05882352941176,72.4,243,NA,4.72,23,39,113,3.83,6.71,NA,NA
"286","Tim Dobbins","LB","Iowa State",2006,"SD",5,151,"DobbTi20",110,21,3.05454545454545,73.13,246,NA,4.61,23,35.5,110,4.39,7.25,NA,NA
"287","Markus Steele","LB","Southern California",2001,"DAL",4,122,"SteeMa20",42,8,3.04761904761905,74.9,232,NA,4.62,NA,33,119,4.5,7.15,NA,NA
"288","Keith Adams","LB","Clemson",2001,"TEN",7,232,"AdamKe20",85,16,3.01176470588235,70.6,219,NA,4.81,24,NA,104,NA,NA,NA,NA
"289","David Pollack","LB",NA,2005,"CIN",1,17,"PollDa20",16,3,3,NA,NA,NA,NA,NA,NA,NA,NA,NA,NA,NA
"290","James Allen","LB","Oregon State",2002,"NO",3,82,"AlleJa21",48,9,3,74.6,240,NA,4.63,24,38,120,4.21,7.59,NA,NA
"291","Nate Palmer","LB","Illinois State",2013,"GB",6,193,"PalmNa01",48,9,3,74.125,248,NA,NA,NA,NA,NA,NA,NA,NA,NA
"292","Su'a Cravens","LB",NA,2016,"WAS",2,53,"CravSu00",16,3,3,NA,NA,NA,NA,NA,NA,NA,NA,NA,NA,NA
"293","Uchenna Nwosu","LB","Southern California",2018,"LAC",2,48,"NwosUc00",32,6,3,74.125,251,NA,4.65,20,32,119,NA,NA,NA,NA
"294","Hau'oli Kikaha","LB","Washington",2015,"NO",2,44,"KikaHa00",27,5,2.96296296296296,74.375,253,29,4.74,NA,NA,NA,NA,NA,NA,NA
"295","Kamu Grugier-Hill","LB",NA,2016,"NE",6,208,"GrugKa00",54,10,2.96296296296296,NA,NA,NA,NA,NA,NA,NA,NA,NA,NA,NA
"296","Reggie Torbor","LB",NA,2004,"NYG",4,97,"TorbRe20",104,19,2.92307692307692,NA,NA,NA,NA,NA,NA,NA,NA,NA,NA,NA
"297","Duke Riley","LB","Louisiana State",2017,"ATL",3,75,"RileDu00",44,8,2.90909090909091,72.25,232,NA,4.58,18,34.5,122,NA,6.89,NA,NA
"298","Randy Gregory","LB",NA,2015,"DAL",2,60,"GregRa00",28,5,2.85714285714286,NA,NA,NA,NA,NA,NA,NA,NA,NA,NA,NA
"299","Stephone Anthony","LB","Clemson",2015,"NO",1,31,"AnthSt00",62,11,2.83870967741935,74.625,243,23,4.56,23,37,122,4.03,7.07,NA,NA
"300","Brandon Siler","LB","Florida",2007,"SD",7,240,"SileBr99",74,13,2.81081081081081,73.75,241,NA,4.64,NA,30.5,109,NA,7.34,NA,NA
"301","Gerald McRath","LB","Southern Mississippi",2009,"TEN",4,130,"McRaGe99",40,7,2.8,73.875,231,NA,4.49,19,34,123,4.35,7.24,NA,NA
"302","Mario Haggan","LB","Mississippi State",2003,"BUF",7,228,"HaggMa20",132,23,2.78787878787879,74.6,252,NA,4.84,21,33,110,4.38,7.54,NA,NA
"303","Nick Rogers","LB","Georgia Tech",2002,"MIN",6,177,"RogeNi20",46,8,2.78260869565217,74,251,NA,4.65,22,36,115,4.19,7.02,NA,NA
"304","Charles Harris","LB",NA,2017,"MIA",1,22,"HarrCh03",41,7,2.73170731707317,NA,NA,NA,NA,NA,NA,NA,NA,NA,NA,NA
"305","Brian Allen","LB","Florida State",2001,"STL",3,83,"AlleBr21",47,8,2.72340425531915,72.1,238,NA,4.65,25,NA,NA,NA,NA,NA,NA
"306","Eddie Moore","LB",NA,2003,"MIA",2,49,"MoorEd20",18,3,2.66666666666667,NA,NA,NA,NA,NA,NA,NA,NA,NA,NA,NA
"307","Joe Walker","LB","Oregon",2016,"PHI",7,251,"WalkJo01",42,7,2.66666666666667,74.375,236,NA,NA,NA,NA,NA,NA,NA,NA,NA
"308","Josh Forrest","LB","Kentucky",2016,"LAR",6,190,"ForrJo00",12,2,2.66666666666667,75.125,249,NA,4.91,11,30.5,118,NA,NA,NA,NA
"309","Kemoko Turay","LB","Rutgers",2018,"IND",2,52,"TuraKe00",18,3,2.66666666666667,76.625,253,NA,4.65,NA,NA,NA,NA,NA,NA,NA
"310","Nic Harris","LB","Oklahoma",2009,"BUF",5,147,"HarrNi99",30,5,2.66666666666667,74.375,234,NA,4.86,15,31.5,109,4.37,7.05,NA,NA
"311","Nico Johnson","LB","Alabama",2013,"KC",4,99,"JohnNi00",18,3,2.66666666666667,73.625,248,NA,NA,NA,NA,NA,NA,NA,NA,NA
"312","Sabby Piscitelli","LB",NA,2007,"TB",2,64,"PiscSa99",66,11,2.66666666666667,NA,NA,NA,NA,NA,NA,NA,NA,NA,NA,NA
"313","Rocky Boiman","LB","Notre Dame",2002,"TEN",4,133,"BoimRo20",103,17,2.64077669902913,75.8,242,NA,4.61,17,35,118,4.05,6.86,NA,NA
"314","Kyler Fackrell","LB","Utah State",2016,"GB",3,88,"FackKy00",61,10,2.62295081967213,77,245,NA,4.72,15,34.5,121,NA,NA,NA,NA
"315","Zeke Moreno","LB",NA,2001,"SD",5,139,"MoreZe20",61,10,2.62295081967213,NA,NA,NA,NA,NA,NA,NA,NA,NA,NA,NA
"316","Stephen Weatherly","LB","Vanderbilt",2016,"MIN",7,227,"WeatSt00",49,8,2.61224489795918,76.375,267,NA,4.61,23,31,117,NA,NA,NA,NA
"317","Nate Irving","LB","North Carolina State",2011,"DEN",3,67,"IrviNa00",62,10,2.58064516129032,73,240,NA,NA,NA,NA,NA,NA,NA,NA,NA
"318","Pat Thomas","LB","North Carolina State",2005,"JAX",6,194,"ThomPa20",31,5,2.58064516129032,72.875,238,NA,NA,NA,NA,NA,NA,NA,NA,NA
"319","Brandon Johnson","LB","Louisville",2006,"ARI",5,142,"JohnBr20",87,14,2.57471264367816,76.88,228,NA,4.52,11,37,118,4.34,7.17,NA,NA
"320","Isaiah Kacyvenski","LB",NA,2000,"SEA",4,119,"KacyIs20",100,16,2.56,NA,NA,NA,NA,NA,NA,NA,NA,NA,NA,NA
"321","Elijah Lee","LB",NA,2017,"MIN",7,232,"LeexEl00",38,6,2.52631578947368,NA,NA,NA,NA,NA,NA,NA,NA,NA,NA,NA
"322","Vince Biegel","LB","Wisconsin",2017,"GB",4,108,"BiegVi00",38,6,2.52631578947368,75.125,246,23,4.67,21,33.5,118,NA,6.92,NA,NA
"323","Casey Matthews","LB","Oregon",2011,"PHI",4,116,"MattCa00",64,10,2.5,72.875,231,NA,4.78,13,NA,NA,NA,NA,NA,NA
"324","Shaun Dion Hamilton","LB","Alabama",2018,"WAS",6,197,"DionSh00",32,5,2.5,72,228,NA,NA,20,NA,NA,NA,NA,NA,NA
"325","Jordan Evans","LB","Oklahoma",2017,"CIN",6,193,"EvanJo01",45,7,2.48888888888889,74.875,232,NA,NA,NA,NA,NA,NA,NA,NA,NA
"326","Marcus Bell","LB","Arizona",2000,"SEA",4,116,"BellMa21",45,7,2.48888888888889,73.6,237,NA,4.8,21,31.5,111,4.33,7.17,NA,NA
"327","Tavares Gooden","LB","Miami (FL)",2008,"BAL",3,71,"GoodTa99",58,9,2.48275862068966,73.25,234,NA,4.65,22,35,118,NA,NA,NA,NA
"328","Jon Alston","LB","Stanford",2006,"STL",3,77,"AlstJo20",39,6,2.46153846153846,72.75,223,NA,4.53,30,40,132,4.13,6.9,NA,NA
"329","Lorenzo Mauldin","LB","Louisville",2015,"NYJ",3,82,"MaulLo00",26,4,2.46153846153846,75.625,259,NA,4.85,23,32,112,4.58,7.47,NA,NA
"330","Matt McCoy","LB","San Diego State",2005,"PHI",2,63,"McCoMa20",65,10,2.46153846153846,72.25,245,NA,NA,NA,NA,NA,NA,NA,NA,NA
"331","Mike Mohamed","LB","California",2011,"DEN",6,189,"MohaMi00",26,4,2.46153846153846,75,239,NA,4.79,21,32,115,4,6.7,NA,NA
"332","Oren Burks","LB","Vanderbilt",2018,"GB",3,88,"BurkOr00",26,4,2.46153846153846,75.125,233,NA,4.59,18,39.5,131,4.15,6.82,NA,NA
"333","Gilbert Gardner","LB",NA,2004,"IND",3,69,"GardGi20",53,8,2.41509433962264,NA,NA,NA,NA,NA,NA,NA,NA,NA,NA,NA
"334","Leon Williams","LB","Miami (FL)",2006,"CLE",4,110,"WillLe20",61,9,2.36065573770492,75,245,NA,4.6,25,NA,NA,NA,NA,NA,NA
"335","Larry Grant","LB","Ohio State",2008,"SF",7,214,"GranLa99",68,10,2.35294117647059,73,235,NA,4.79,20,31.5,113,4.22,6.77,NA,NA
"336","David Mayo","LB","Texas State",2015,"CAR",5,169,"MayoDa00",75,11,2.34666666666667,73,242,NA,4.83,NA,NA,NA,NA,NA,NA,NA
"337","Antwione Williams","LB","Georgia Southern",2016,"DET",5,169,"WillAn01",14,2,2.28571428571429,74.75,240,NA,NA,NA,NA,NA,NA,NA,NA,NA
"338","Carl Lawson","LB",NA,2017,"CIN",4,116,"LawsCa00",35,5,2.28571428571429,NA,NA,NA,NA,NA,NA,NA,NA,NA,NA,NA
"339","Dontarrious Thomas","LB","Auburn",2004,"MIN",2,48,"ThomDo21",63,9,2.28571428571429,74.5,241,NA,4.64,26,38.5,129,4,NA,NA,NA
"340","Keyaron Fox","LB","Georgia Tech",2004,"KC",3,93,"FoxxKe20",98,14,2.28571428571429,74.4,227,NA,4.65,28,NA,NA,NA,NA,NA,NA
"341","H.B. Blades","LB",NA,2007,"WAS",6,179,"BladH.99",64,9,2.25,NA,NA,NA,NA,NA,NA,NA,NA,NA,NA,NA
"342","Raonall Smith","LB","Washington State",2002,"MIN",2,38,"SmitRa20",50,7,2.24,74.1,244,NA,4.56,26,42,121,4.11,7.1,NA,NA
"343","Sam Barrington","LB","South Florida",2013,"GB",7,232,"BarrSa00",29,4,2.20689655172414,72.875,246,NA,4.91,22,32.5,117,NA,NA,NA,NA
"344","Torrance Marshall","LB",NA,2001,"GB",3,72,"MarsTo20",51,7,2.19607843137255,NA,NA,NA,NA,NA,NA,NA,NA,NA,NA,NA
"345","Greg Jones","LB","Michigan State",2011,"NYG",6,185,"JoneGr02",22,3,2.18181818181818,72.125,242,NA,4.75,21,31.5,117,4.27,7.21,NA,NA
"346","Alex Lewis","LB","Wisconsin",2004,"DET",5,140,"LewiAl20",52,7,2.15384615384615,71.8,227,NA,4.72,25,34.5,121,4.28,7.06,NA,NA
"347","Jonathan Newsome","LB","Ball State (IN)",2014,"IND",5,166,"NewsJo00",30,4,2.13333333333333,74.625,247,NA,4.73,21,34,116,4.63,7.31,NA,NA
"348","Sione Takitaki","LB","Brigham Young",2019,"CLE",3,80,"TakiSi00",15,2,2.13333333333333,73.125,233,NA,4.63,24,37,125,4.28,7.21,NA,NA
"349","Trey Hendrickson","LB",NA,2017,"NO",3,103,"HendTr00",30,4,2.13333333333333,NA,NA,NA,NA,NA,NA,NA,NA,NA,NA,NA
"350","Marvin Mitchell","LB","Tennessee",2007,"NO",7,220,"MitcMa99",98,13,2.12244897959184,75,249,NA,4.94,22,32,108,4.25,7.29,NA,NA
"351","Cornelius Washington","LB",NA,2013,"CHI",6,188,"WashCo00",46,6,2.08695652173913,NA,NA,NA,NA,NA,NA,NA,NA,NA,NA,NA
"352","Jalen Reeves-Maybin","LB",NA,2017,"DET",4,124,"ReevJa00",39,5,2.05128205128205,NA,NA,NA,NA,NA,NA,NA,NA,NA,NA,NA
"353","Kyle Wilber","LB","Wake Forest",2012,"DAL",4,113,"WilbKy00",117,15,2.05128205128205,75.75,249,NA,4.73,25,33.5,117,4.31,7.11,NA,NA
"354","Tyus Bowser","LB",NA,2017,"BAL",2,47,"BowsTy00",47,6,2.04255319148936,NA,NA,NA,NA,NA,NA,NA,NA,NA,NA,NA
"355","Antonio Wilson","LB","Texas A&M-Commerce",2000,"MIN",4,106,"WilsAn20",16,2,2,74,245,NA,4.56,11,NA,NA,NA,NA,NA,NA
"356","Cody Barton","LB",NA,2019,"SEA",3,88,"BartCo00",16,2,2,NA,NA,NA,NA,NA,NA,NA,NA,NA,NA,NA
"357","Cornelius Wortham","LB","Alabama",2005,"SEA",7,235,"WortCo20",8,1,2,73.4,236,NA,4.76,22,37,106,4.38,NA,NA,NA
"358","Jermaine Carter Jr.","LB",NA,2018,"CAR",5,161,"CartJe00",32,4,2,NA,NA,NA,NA,NA,NA,NA,NA,NA,NA,NA
"359","Larry English","LB","Northern Illinois",2009,"SD",1,16,"EnglLa99",64,8,2,74.125,255,NA,4.82,24,36,107,4.38,7.26,NA,NA
"360","Prince Shembo","LB","Notre Dame",2014,"ATL",4,139,"ShemPr00",16,2,2,73.375,253,NA,4.71,26,38.5,122,4.31,7.29,NA,NA
"361","Randell Johnson","LB",NA,2014,"BUF",7,221,"JohnRa01",16,2,2,NA,NA,NA,NA,NA,NA,NA,NA,NA,NA,NA
"362","Rashan Gary","LB",NA,2019,"GB",1,12,"GaryRa00",16,2,2,NA,NA,NA,NA,NA,NA,NA,NA,NA,NA,NA
"363","Rian Wallace","LB","Temple",2005,"PIT",5,166,"WallRi20",16,2,2,74.25,241,NA,4.68,10,35.5,111,3.94,7.45,NA,NA
"364","Scott McKillop","LB","Pittsburgh",2009,"SF",5,146,"McKiSc99",16,2,2,72.875,244,NA,4.7,27,35.5,119,4.39,7,NA,NA
"365","Andy Studebaker","LB","Wheaton (IL)",2008,"PHI",6,203,"StudAn99",97,12,1.97938144329897,75,251,NA,NA,NA,NA,NA,NA,NA,NA,NA
"366","Najee Goode","LB","West Virginia",2012,"TB",5,140,"GoodNa00",90,11,1.95555555555556,72.125,244,NA,4.55,NA,35.5,117,NA,NA,NA,NA
"367","Jordan Willis","LB",NA,2017,"CIN",3,73,"WillJo09",41,5,1.95121951219512,NA,NA,NA,NA,NA,NA,NA,NA,NA,NA,NA
"368","Nathan Stupar","LB","Penn State",2012,"OAK",7,230,"StupNa01",82,10,1.95121951219512,73.625,241,NA,4.65,21,31,116,4.28,6.84,NA,NA
"369","Gerris Wilkinson","LB","Georgia Tech",2006,"NYG",3,96,"WilkGe20",58,7,1.93103448275862,75,233,NA,4.68,19,39,122,4.17,7.21,NA,NA
"370","Khaseem Greene","LB","Rutgers",2013,"CHI",4,117,"GreeKh00",25,3,1.92,72.75,241,NA,4.71,17,30,116,4.2,7.58,NA,NA
"371","Bobby Carpenter","LB",NA,2006,"DAL",1,18,"CarpBo20",93,11,1.89247311827957,NA,NA,NA,NA,NA,NA,NA,NA,NA,NA,NA
"372","Anthony Schlegel","LB","Ohio State",2006,"NYJ",3,76,"SchlAn20",17,2,1.88235294117647,72.5,250,NA,4.86,21,32,111,4.38,7.41,NA,NA
"373","Solomon Bates","LB","Arizona State",2003,"SEA",4,135,"BateSo20",17,2,1.88235294117647,73.4,243,NA,4.88,19,30,112,4.32,7.22,NA,NA
"374","Zack Follett","LB","California",2009,"DET",7,235,"FollZa99",17,2,1.88235294117647,73.875,236,NA,4.69,NA,37,117,NA,7.31,NA,NA
"375","Ryan Anderson","LB","Alabama",2017,"WAS",2,49,"AndeRy00",43,5,1.86046511627907,74.125,253,NA,4.78,NA,NA,NA,NA,NA,NA,NA
"376","DaShon Polk","LB","Arizona",2000,"BUF",7,251,"PolkDa20",95,11,1.85263157894737,73.9,233,NA,4.77,18,32,111,4.45,7.43,NA,NA
"377","Patrick Chukwurah","LB","Wyoming",2001,"MIN",5,157,"ChukPa20",78,9,1.84615384615385,73.6,238,NA,4.75,24,40,119,4.21,7.34,NA,NA
"378","Corey Nelson","LB","Oklahoma",2014,"DEN",7,242,"NelsCo00",61,7,1.83606557377049,72.375,231,NA,NA,NA,NA,NA,NA,NA,NA,NA
"379","D.J. Alexander","LB","Oregon State",2015,"KC",5,172,"AlexD.00",61,7,1.83606557377049,73.625,233,NA,NA,NA,NA,NA,NA,NA,NA,NA
"380","Antwan Barnes","LB","Florida International",2007,"BAL",4,134,"BarnAn99",88,10,1.81818181818182,72.625,240,NA,4.46,31,35,122,4.32,7.29,NA,NA
"381","Eric Westmoreland","LB","Tennessee",2001,"JAX",3,73,"WestEr20",44,5,1.81818181818182,71.6,236,NA,4.65,21,36.5,115,4.21,7.47,NA,NA
"382","Marquis Flowers","LB","Arizona",2014,"CIN",6,212,"FlowMa00",53,6,1.81132075471698,74.625,231,NA,NA,NA,NA,NA,NA,NA,NA,NA
"383","Kevin Pierre-Louis","LB","Boston College",2014,"SEA",4,132,"PierKe00",71,8,1.80281690140845,72.5,232,NA,4.51,28,39,127,4.02,6.92,NA,NA
"384","Alonzo Jackson","LB",NA,2003,"PIT",2,59,"JackAl23",18,2,1.77777777777778,NA,NA,NA,NA,NA,NA,NA,NA,NA,NA,NA
"385","Dekoda Watson","LB","Florida State",2010,"TB",7,217,"WatsDe99",108,12,1.77777777777778,73.375,226,NA,4.55,24,40,134,4.11,7.06,NA,NA
"386","DeVonte Holloman","LB","South Carolina",2013,"DAL",6,185,"HollDe01",9,1,1.77777777777778,73.375,243,NA,4.76,15,33,113,4.26,7.3,NA,NA
"387","Leon Joe","LB","Maryland",2004,"CHI",4,112,"JoexLe20",36,4,1.77777777777778,72.5,230,NA,4.51,30,39,NA,NA,NA,NA,NA
"388","Marcus Howard","LB","Georgia",2008,"IND",5,161,"HowaMa99",9,1,1.77777777777778,72.5,237,NA,4.47,27,34.5,NA,NA,NA,NA,NA
"389","Rennie Curran","LB","Georgia",2010,"TEN",3,97,"CurrRe99",9,1,1.77777777777778,70.625,235,NA,4.75,25,34.5,NA,NA,NA,NA,NA
"390","Roderick Green","LB",NA,2004,"BAL",5,153,"GreeRo20",54,6,1.77777777777778,NA,NA,NA,NA,NA,NA,NA,NA,NA,NA,NA
"391","Stanley Arnoux","LB","Wake Forest",2009,"NO",4,118,"ArnoSt99",9,1,1.77777777777778,72,232,NA,4.56,19,31.5,121,4.39,7.22,NA,NA
"392","Adam Hayward","LB","Portland State (OR)",2007,"TB",6,182,"HaywAd98",118,13,1.76271186440678,72.125,235,NA,NA,NA,NA,NA,NA,NA,NA,NA
"393","Will Herring","LB","Auburn",2007,"SEA",5,161,"HerrWi99",109,12,1.76146788990826,74.625,229,NA,NA,NA,NA,NA,NA,NA,NA,NA
"394","Monty Beisel","LB",NA,2001,"KC",4,107,"BeisMo20",119,13,1.74789915966387,NA,NA,NA,NA,NA,NA,NA,NA,NA,NA,NA
"395","Carlos Polk","LB","Nebraska",2001,"SD",4,112,"PolkCa20",74,8,1.72972972972973,74.1,251,NA,4.72,NA,NA,NA,NA,NA,NA,NA
"396","Blair Brown","LB",NA,2017,"JAX",5,148,"BrowBl00",28,3,1.71428571428571,NA,NA,NA,NA,NA,NA,NA,NA,NA,NA,NA
"397","Audie Cole","LB","North Carolina State",2012,"MIN",7,210,"ColeAu00",57,6,1.68421052631579,76.125,246,NA,4.76,15,35,114,4.29,6.96,NA,NA
"398","Cody Glenn","LB","Nebraska",2009,"WAS",5,158,"GlenCo99",19,2,1.68421052631579,72,244,NA,4.78,25,NA,NA,NA,NA,NA,NA
"399","Jason Phillips","LB","Texas Christian",2009,"BAL",5,137,"PhilJa99",29,3,1.6551724137931,72.75,239,NA,4.6,20,34,120,4.32,NA,NA,NA
"400","Tanner Vallejo","LB",NA,2017,"BUF",6,195,"VallTa00",39,4,1.64102564102564,NA,NA,NA,NA,NA,NA,NA,NA,NA,NA,NA
"401","Mark Nzeocha","LB","Wyoming",2015,"DAL",7,236,"NzeoMa00",49,5,1.63265306122449,74.375,232,NA,4.56,24,NA,NA,NA,NA,NA,NA
"402","Anthony Waters","LB","Clemson",2007,"SD",3,96,"WateAn00",20,2,1.6,74.63,245,NA,4.59,25,NA,NA,NA,NA,NA,NA
"403","Courtland Bullard","LB","Ohio State",2002,"STL",5,167,"BullCo20",20,2,1.6,75,234,NA,4.62,NA,36.5,120,4.28,6.99,NA,NA
"404","Dorian O'Daniel","LB",NA,2018,"KC",3,100,"ODanDo00",30,3,1.6,NA,NA,NA,NA,NA,NA,NA,NA,NA,NA,NA
"405","Emmanuel Acho","LB","Texas",2012,"CLE",6,204,"AchoEm00",20,2,1.6,73.625,238,NA,4.64,24,35.5,118,NA,NA,NA,NA
"406","Jacob Martin","LB","Temple",2018,"SEA",6,186,"MartJa02",30,3,1.6,74,236,NA,NA,NA,NA,NA,NA,NA,NA,NA
"407","Jason Glenn","LB","Texas A&M",2001,"DET",6,173,"GlenJa20",80,8,1.6,72.6,236,NA,4.93,14,36,115,4.31,7.16,NA,NA
"408","Shannon Taylor","LB","Virginia",2000,"SD",6,184,"TaylSh20",40,4,1.6,74.9,249,NA,4.65,NA,34.5,115,NA,NA,NA,NA
"409","Stevenson Sylvester","LB","Utah",2010,"PIT",5,166,"SylvSt99",50,5,1.6,74.125,231,NA,4.71,23,NA,NA,NA,NA,NA,NA
"410","Tim Shaw","LB","Penn State",2007,"CAR",5,164,"ShawTi99",80,8,1.6,73.5,236,NA,4.54,26,36.5,116,4.12,7.01,NA,NA
"411","Tim Williams","LB","Alabama",2017,"BAL",3,78,"WillTi00",20,2,1.6,75.125,244,NA,4.68,NA,33.5,123,NA,NA,NA,NA
"412","Trevor Bates","LB","Maine",2016,"IND",7,239,"BateTr00",10,1,1.6,73,245,NA,NA,NA,NA,NA,NA,NA,NA,NA
"413","Andrew Gachkar","LB","Missouri",2011,"SD",7,234,"GachAn00",101,10,1.58415841584158,74.375,233,NA,NA,NA,NA,NA,NA,NA,NA,NA
"414","Bryan Kehl","LB","Brigham Young",2008,"NYG",4,123,"KehlBr99",72,7,1.55555555555556,74.25,242,NA,4.69,26,34,119,4.23,6.88,NA,NA
"415","Charlie Anderson","LB",NA,2004,"HOU",6,200,"AndeCh21",94,9,1.53191489361702,NA,NA,NA,NA,NA,NA,NA,NA,NA,NA,NA
"416","Dominique Stevenson","LB","Tennessee",2002,"BUF",7,260,"StevDo21",21,2,1.52380952380952,72.3,231,NA,4.6,23,32.5,107,NA,NA,NA,NA
"417","Malik Jefferson","LB","Texas",2018,"CIN",3,78,"JeffMa00",21,2,1.52380952380952,74.25,236,NA,4.52,27,36,125,NA,NA,NA,NA
"418","Roddrick Muckelroy","LB","Texas",2010,"CIN",4,131,"MuckRo99",21,2,1.52380952380952,73.75,246,NA,4.68,19,31,110,4.39,7.25,NA,NA
"419","Travis Lewis","LB","Oklahoma",2012,"DET",7,223,"LewiTr00",42,4,1.52380952380952,73.375,246,NA,4.83,22,36,122,NA,NA,NA,NA
"420","Darryl Blackstock","LB","Virginia",2005,"ARI",3,95,"BlacDa20",74,7,1.51351351351351,74.625,247,NA,4.72,25,39,126,4.29,7.05,NA,NA
"421","Quinton Caver","LB","Arkansas",2001,"PHI",2,55,"CaveQu20",53,5,1.50943396226415,75.9,227,NA,4.66,23,37.5,118,4.25,7.66,NA,NA
"422","Alex Hall","LB",NA,2008,"CLE",7,231,"HallAl99",32,3,1.5,NA,NA,NA,NA,NA,NA,NA,NA,NA,NA,NA
"423","Anthony Cannon","LB",NA,2006,"DET",7,247,"CannAn20",32,3,1.5,NA,NA,NA,NA,NA,NA,NA,NA,NA,NA,NA
"424","Mike Nattiel","LB","Florida",2003,"MIN",6,190,"NattMi20",32,3,1.5,71.6,228,NA,4.65,NA,30,106,4.38,7.49,NA,NA
"425","Shaquem Griffin","LB","Central Florida",2018,"SEA",5,141,"GrifSh01",32,3,1.5,72.375,227,NA,4.38,20,NA,117,NA,NA,NA,NA
"426","Zaire Franklin","LB","Syracuse",2018,"IND",7,235,"FranZa00",32,3,1.5,72.125,239,NA,NA,NA,NA,NA,NA,NA,NA,NA
"427","Zaviar Gooden","LB","Missouri",2013,"TEN",3,97,"GoodZa00",32,3,1.5,73.5,234,25,4.47,27,34,131,4.18,6.71,NA,NA
"428","Chris Carter","LB","Frenso State (CA)",2011,"PIT",5,162,"CartCh00",75,7,1.49333333333333,73.125,248,NA,4.58,27,36,114,4.34,6.88,NA,NA
"429","Adam Seward","LB","Nevada Las Vegas",2005,"CAR",5,149,"SewaAd20",43,4,1.48837209302326,74.25,248,NA,4.61,33,36.5,120,4.11,7.16,NA,NA
"430","Jamar Williams","LB","Arizona State",2006,"CHI",4,120,"WillJa21",54,5,1.48148148148148,72.25,236,NA,4.63,NA,37,120,4.29,7.03,NA,NA
"431","Victor Butler","LB","Oregon State",2009,"DAL",4,110,"ButlVi99",65,6,1.47692307692308,74.25,248,NA,4.76,24,33,113,4.4,7.21,NA,NA
"432","Austin Spitler","LB","Ohio State",2010,"MIA",7,252,"SpitAu99",55,5,1.45454545454545,74.25,243,NA,NA,NA,NA,NA,NA,NA,NA,NA
"433","Darius Fleming","LB","Notre Dame",2012,"SF",5,165,"FlemDa00",11,1,1.45454545454545,73.625,245,NA,4.71,27,33.5,114,4.28,7.03,NA,NA
"434","Edmond Robinson","LB","Newberry (SC)",2015,"MIN",7,232,"RobiEd00",22,2,1.45454545454545,74.625,245,NA,4.61,20,37,121,4.38,7.49,NA,NA
"435","Xavier Adibi","LB","Virginia Tech",2008,"HOU",4,118,"AdibXa99",44,4,1.45454545454545,73.75,232,NA,4.71,NA,30,110,4.47,NA,NA,NA
"436","Saleem Rasheed","LB",NA,2002,"SF",3,69,"RashSa20",45,4,1.42222222222222,NA,NA,NA,NA,NA,NA,NA,NA,NA,NA,NA
"437","Tony Gilbert","LB","Georgia",2003,"ARI",6,210,"GilbTo20",68,6,1.41176470588235,71.9,251,NA,4.86,19,27.5,109,NA,NA,NA,NA
"438","Frank Chamberlin","LB",NA,2000,"TEN",5,160,"ChamFr20",57,5,1.40350877192982,NA,NA,NA,NA,NA,NA,NA,NA,NA,NA,NA
"439","Bryce Hager","LB","Baylor",2015,"STL",7,224,"HageBr00",69,6,1.39130434782609,72.75,234,NA,4.6,26,35,117,4.36,7.15,NA,NA
"440","Michael Mauti","LB","Penn State",2013,"MIN",7,213,"MautMi00",58,5,1.37931034482759,73.875,243,NA,4.83,28,NA,NA,NA,NA,NA,NA
"441","Zak DeOssie","LB","Brown (RI)",2007,"NYG",4,116,"DeOsZa99",199,17,1.36683417085427,76.625,250,NA,4.61,26,34.5,122,4.22,6.89,NA,NA
"442","Clint Sintim","LB","Virginia",2009,"NYG",2,45,"SintCl99",24,2,1.33333333333333,74.75,256,NA,4.75,NA,34.5,119,4.4,7.37,NA,NA
"443","Deiontrez Mount","LB",NA,2015,"TEN",6,177,"MounDe00",12,1,1.33333333333333,NA,NA,NA,NA,NA,NA,NA,NA,NA,NA,NA
"444","E.J. Speed","LB",NA,2019,"IND",5,164,"SpeeEJ00",12,1,1.33333333333333,NA,NA,NA,NA,NA,NA,NA,NA,NA,NA,NA
"445","Keenan Clayton","LB","Oklahoma",2010,"PHI",4,121,"ClayKe99",36,3,1.33333333333333,73.125,229,NA,4.59,27,41.5,124,NA,NA,NA,NA
"446","Lance Mitchell","LB","Oklahoma",2005,"ARI",5,168,"MitcLa20",12,1,1.33333333333333,74.125,247,NA,4.91,15,33.5,NA,4.38,7.49,NA,NA
"447","Nick Moody","LB","Florida State",2013,"SF",6,180,"MoodNi00",24,2,1.33333333333333,73,236,NA,4.71,17,NA,118,NA,NA,NA,NA
"448","Roger Knight","LB",NA,2001,"PIT",6,182,"KnigRo20",48,4,1.33333333333333,NA,NA,NA,NA,NA,NA,NA,NA,NA,NA,NA
"449","Ryan LaCasse","LB",NA,2006,"BAL",7,219,"LaCaRy20",12,1,1.33333333333333,NA,NA,NA,NA,NA,NA,NA,NA,NA,NA,NA
"450","Spencer Adkins","LB","Miami (FL)",2009,"ATL",6,176,"AdkiSp99",24,2,1.33333333333333,71.125,230,NA,NA,NA,NA,NA,NA,NA,NA,NA
"451","Tim McGarigle","LB","Northwestern",2006,"STL",7,221,"McGaTi99",12,1,1.33333333333333,72.625,242,NA,4.78,NA,38,118,4.07,7.09,NA,NA
"452","Ukeme Eligwe","LB","Georgia Southern",2017,"KC",5,183,"EligUk00",24,2,1.33333333333333,73.625,234,NA,NA,NA,NA,NA,NA,NA,NA,NA
"453","Jeremiah George","LB","Iowa State",2014,"NYJ",5,154,"GeorJe01",37,3,1.2972972972973,71.25,234,NA,4.91,28,33,115,NA,NA,NA,NA
"454","Jordan Tripp","LB","Montana",2014,"MIA",5,171,"TripJo00",37,3,1.2972972972973,74.75,234,NA,4.67,22,37.5,120,3.96,6.89,NA,NA
"455","Trevor Reilly","LB","Utah",2014,"NYJ",7,233,"ReilTr00",37,3,1.2972972972973,76.75,245,NA,4.67,26,NA,NA,NA,NA,NA,NA
"456","Cody Spencer","LB","North Texas",2004,"OAK",6,182,"SpenCo20",50,4,1.28,74.5,242,NA,4.67,27,34.5,116,4.08,6.94,NA,NA
"457","Niko Koutouvides","LB","Purdue",2004,"SEA",4,116,"KoutNi20",125,10,1.28,74.5,244,NA,4.73,NA,30.5,108,3.88,6.98,NA,NA
"458","Tyler Matakevich","LB","Temple",2016,"PIT",7,246,"MataTy00",63,5,1.26984126984127,72,238,NA,4.81,22,31,112,4.5,7.19,NA,NA
"459","Alfred Fincher","LB","Connecticut",2005,"NO",3,82,"FincAl20",38,3,1.26315789473684,73.375,238,NA,4.68,25,31.5,112,4.48,7.7,NA,NA
"460","Martez Wilson","LB","Illinois",2011,"NO",3,72,"WilsMa01",38,3,1.26315789473684,75.75,250,NA,4.42,23,36,124,4.28,7.04,NA,NA
"461","Chris White","LB","Mississippi State",2011,"BUF",6,169,"WhitCh03",51,4,1.25490196078431,74.75,240,NA,4.68,17,34,115,4.25,6.95,NA,NA
"462","Darrell McClover","LB",NA,2004,"NYJ",7,213,"McClDa21",51,4,1.25490196078431,NA,NA,NA,NA,NA,NA,NA,NA,NA,NA,NA
"463","Kentrell Brothers","LB","Missouri",2016,"MIN",5,160,"BrotKe00",51,4,1.25490196078431,72.375,245,NA,4.89,19,28.5,110,4.11,6.99,NA,NA
"464","Aaron Wallace","LB","UCLA",2016,"TEN",7,222,"WallAa00",13,1,1.23076923076923,74.375,242,NA,NA,NA,NA,NA,NA,NA,NA,NA
"465","Andrew Jackson","LB","Western Kentucky",2014,"IND",6,203,"JackAn02",13,1,1.23076923076923,72.875,254,NA,NA,NA,NA,NA,NA,NA,NA,NA
"466","Jordan Beck","LB","Cal Poly",2005,"ATL",3,90,"BeckJo20",26,2,1.23076923076923,74.375,233,NA,4.6,25,41,128,4.12,7.11,NA,NA
"467","Josh Hull","LB","Penn State",2010,"STL",7,254,"HullJo99",39,3,1.23076923076923,74.75,237,NA,4.93,25,32.5,115,4.07,6.86,NA,NA
"468","Orantes Grant","LB",NA,2000,"DAL",7,219,"GranOr20",26,2,1.23076923076923,NA,NA,NA,NA,NA,NA,NA,NA,NA,NA,NA
"469","Scooby Wright","LB","Arizona",2016,"CLE",7,250,"WrigSc00",13,1,1.23076923076923,71.75,239,NA,4.9,22,31,113,4.47,NA,NA,NA
"470","Prescott Burgess","LB","Michigan",2007,"BAL",6,207,"BurgPr99",40,3,1.2,75.375,240,NA,4.88,19,32.5,106,4.31,7.01,NA,NA
"471","Rod Davis","LB","Southern Mississippi",2004,"MIN",5,155,"DaviRo21",40,3,1.2,74,239,NA,4.71,NA,NA,114,4.02,7.2,NA,NA
"472","Anthony Denman","LB",NA,2001,"JAX",7,213,"DenmAn20",27,2,1.18518518518519,NA,NA,NA,NA,NA,NA,NA,NA,NA,NA,NA
"473","Doug Hogue","LB","Syracuse",2011,"DET",5,157,"HoguDo01",27,2,1.18518518518519,74.5,235,NA,4.62,18,36,121,4.57,7.09,NA,NA
"474","David Long Jr.","LB",NA,2019,"TEN",6,188,"LongDa04",14,1,1.14285714285714,NA,NA,NA,NA,NA,NA,NA,NA,NA,NA,NA
"475","David Veikune","LB",NA,2009,"CLE",2,52,"VeikDa99",14,1,1.14285714285714,NA,NA,NA,NA,NA,NA,NA,NA,NA,NA,NA
"476","Eric Norwood","LB","South Carolina",2010,"CAR",4,124,"NorwEr99",28,2,1.14285714285714,72.875,242,NA,4.71,NA,36.5,115,4.23,7.08,NA,NA
"477","Joey LaRocque","LB","Oregon State",2008,"CHI",7,243,"LaRoJo99",14,1,1.14285714285714,73.375,226,NA,NA,NA,NA,NA,NA,NA,NA,NA
"478","Jordon Dizon","LB","Colorado",2008,"DET",2,45,"DizoJo99",28,2,1.14285714285714,71.875,229,NA,4.73,NA,30.5,118,4.35,7.01,NA,NA
"479","Marquis Cooper","LB","Washington",2004,"TB",3,79,"CoopMa21",42,3,1.14285714285714,75.3,223,NA,4.55,25,36.5,121,4.12,7.02,NA,NA
"480","Mike Smith","LB",NA,2005,"BAL",7,234,"SmitMi22",14,1,1.14285714285714,NA,NA,NA,NA,NA,NA,NA,NA,NA,NA,NA
"481","Ronald Powell","LB","Florida",2014,"NO",5,169,"PoweRo01",14,1,1.14285714285714,75.125,237,NA,4.65,21,35.5,113,NA,NA,NA,NA
"482","Tyreo Harrison","LB","Notre Dame",2002,"PHI",6,198,"HarrTy20",14,1,1.14285714285714,74,238,NA,4.88,NA,40,114,NA,7.24,NA,NA
"483","Emeke Egbule","LB",NA,2019,"LAC",6,200,"EgbuEm00",15,1,1.06666666666667,NA,NA,NA,NA,NA,NA,NA,NA,NA,NA,NA
"484","Jason Williams","LB","Western Illinois",2009,"DAL",3,69,"WillJa95",60,4,1.06666666666667,73,241,NA,NA,NA,NA,NA,NA,NA,NA,NA
"485","Justin Hollins","LB",NA,2019,"DEN",5,156,"HollJu00",15,1,1.06666666666667,NA,NA,NA,NA,NA,NA,NA,NA,NA,NA,NA
"486","Marquis Haynes","LB","Mississippi",2018,"CAR",4,136,"HaynMa01",15,1,1.06666666666667,74.375,235,NA,4.67,23,32,123,4.45,7.14,NA,NA
"487","Quincy Monk","LB","North Carolina",2002,"NYG",7,245,"MonkQu20",15,1,1.06666666666667,75.4,250,NA,4.8,26,33.5,112,4.38,7.46,NA,NA
"488","Sean Tufts","LB","Colorado",2004,"CAR",6,196,"TuftSe20",15,1,1.06666666666667,76.1,242,NA,4.66,21,34.5,118,3.94,6.94,NA,NA
"489","Thomas Williams","LB","Southern California",2008,"JAX",5,155,"WillTh99",15,1,1.06666666666667,72.875,238,NA,4.89,26,29.5,113,NA,NA,NA,NA
"490","Tyrone Holmes","LB","Montana",2016,"JAX",6,181,"HolmTy01",15,1,1.06666666666667,74.25,253,NA,NA,NA,NA,NA,NA,NA,NA,NA
"491","Joel Iyiegbuniwe","LB","Western Kentucky",2018,"CHI",4,115,"IyieJo00",31,2,1.03225806451613,73.375,229,NA,4.6,19,35,117,4.28,7.06,NA,NA
"492","Peter Kalambayi","LB","Stanford",2018,"HOU",6,214,"KalaPe00",31,2,1.03225806451613,74.625,252,NA,4.57,19,34,121,4.36,7.13,NA,NA
"493","Tank Carder","LB","Texas Christian",2012,"BUF",5,147,"CardTa00",78,5,1.02564102564103,74.375,236,NA,4.58,19,34.5,121,4.18,6.89,NA,NA
"494","Arthur Brown","LB","Kansas State",2013,"BAL",2,56,"BrowAr00",48,3,1,72.375,241,20,4.62,NA,NA,116,NA,NA,NA,NA
"495","Ben Banogu","LB",NA,2019,"IND",2,49,"BanoBe00",16,1,1,NA,NA,NA,NA,NA,NA,NA,NA,NA,NA,NA
"496","Ben Burr-Kirven","LB",NA,2019,"SEA",5,142,"BurrBe00",16,1,1,NA,NA,NA,NA,NA,NA,NA,NA,NA,NA,NA
"497","Dexter Davis","LB","Arizona State",2010,"SEA",7,236,"DaviDe99",16,1,1,73.5,244,NA,4.62,25,35,109,4.3,7.08,NA,NA
"498","Hilee Taylor","LB","North Carolina",2008,"CAR",7,221,"TaylHi99",16,1,1,74.625,242,NA,NA,NA,NA,NA,NA,NA,NA,NA
"499","Justin Rogers","LB",NA,2007,"NE",6,180,"RogeJu99",32,2,1,NA,NA,NA,NA,NA,NA,NA,NA,NA,NA,NA
"500","Khalid Abdullah","LB","Mars Hill (NC)",2003,"CIN",5,136,"AbduKh20",16,1,1,74.1,227,NA,4.63,26,36.5,126,4.17,7.13,NA,NA
"501","Lamin Barrow","LB","Louisiana State",2014,"DEN",5,156,"BarrLa00",32,2,1,73.375,237,NA,4.64,22,35,123,4.35,7.24,NA,NA
"502","Micah Kiser","LB","Virginia",2018,"LAR",5,147,"KiseMi00",16,1,1,72.375,238,NA,4.66,NA,35.5,121,4.24,7.05,NA,NA
"503","Nick Speegle","LB","New Mexico",2005,"CLE",6,176,"SpeeNi20",16,1,1,77.125,242,NA,NA,NA,NA,NA,NA,NA,NA,NA
"504","Paul Dawson","LB","Texas Christian",2015,"CIN",3,99,"DawsPa00",16,1,1,72.125,235,20,4.93,21,28,109,4.49,NA,NA,NA
"505","Riall Johnson","LB",NA,2001,"CIN",6,168,"JohnRi20",32,2,1,NA,NA,NA,NA,NA,NA,NA,NA,NA,NA,NA
"506","Travin Howard","LB",NA,2018,"LAR",7,231,"HowaTr00",16,1,1,NA,NA,NA,NA,NA,NA,NA,NA,NA,NA,NA
"507","Travis Goethel","LB","Arizona State",2010,"OAK",6,190,"GoetTr99",16,1,1,74.5,240,NA,4.81,21,35,111,4.54,6.93,NA,NA
"508","Ty Summers","LB","Texas Christian",2019,"GB",7,226,"SummTy00",16,1,1,73.375,241,NA,4.51,27,36,123,NA,NA,NA,NA
"509","Robert Reynolds","LB","Ohio State",2004,"TEN",5,165,"ReynRo20",33,2,0.96969696969697,75.5,251,NA,4.79,18,32.5,116,3.94,7.17,NA,NA
"510","Jorge Cordova","LB","Nevada",2004,"JAX",3,86,"CordJo20",17,1,0.941176470588235,74,237,NA,4.68,22,35.5,NA,4.17,7.28,NA,NA
"511","Joshua Perry","LB","Ohio State",2016,"SD",4,102,"PerrJo01",17,1,0.941176470588235,75.75,254,NA,4.68,20,33.5,124,NA,NA,NA,NA
"512","Abdul Hodge","LB","Iowa",2006,"GB",3,67,"HodgAb20",35,2,0.914285714285714,72.38,236,NA,4.82,NA,31,108,4.3,7.09,NA,NA
"513","Marcus Smith","LB",NA,2014,"PHI",1,26,"SmitMa03",53,3,0.905660377358491,NA,NA,NA,NA,NA,NA,NA,NA,NA,NA,NA
"514","Terry Pierce","LB","Kansas State",2003,"DEN",2,51,"PierTe20",18,1,0.888888888888889,73.4,251,NA,4.7,28,27.5,NA,NA,NA,NA,NA
"515","Andre Smith","LB","North Carolina",2018,"CAR",7,234,"SmitAn04",19,1,0.842105263157895,71.625,237,NA,4.63,19,NA,NA,NA,NA,NA,NA
"516","Robert James","LB","Arizona State",2008,"ATL",5,138,"JameRo99",19,1,0.842105263157895,70.5,219,NA,NA,22,NA,NA,NA,NA,NA,NA
"517","Tyrone McKenzie","LB","South Florida",2009,"NE",3,97,"McKeTy99",19,1,0.842105263157895,73.625,243,NA,4.76,27,NA,112,NA,NA,NA,NA
"518","Wesly Mallard","LB",NA,2002,"NYG",6,188,"MallWe20",59,3,0.813559322033898,NA,NA,NA,NA,NA,NA,NA,NA,NA,NA,NA
"519","Devante Downs","LB","California",2018,"MIN",7,225,"DownDe00",20,1,0.8,74.375,252,NA,NA,NA,NA,NA,NA,NA,NA,NA
"520","Boomer Grigsby","LB","Illinois State",2005,"KC",5,138,"GrigBo20",45,2,0.711111111111111,71.75,249,NA,4.6,32,35.5,112,NA,7.1,NA,NA
"521","Chad Nkang","LB",NA,2007,"JAX",7,251,"NkanCh99",23,1,0.695652173913043,NA,NA,NA,NA,NA,NA,NA,NA,NA,NA,NA
"522","Corey Jenkins","LB",NA,2003,"MIA",6,181,"JenkCo20",23,1,0.695652173913043,NA,NA,NA,NA,NA,NA,NA,NA,NA,NA,NA
"523","Karon Riley","LB",NA,2001,"CHI",4,103,"RileKa20",25,1,0.64,NA,NA,NA,NA,NA,NA,NA,NA,NA,NA,NA
"524","A.J. Edds","LB","Iowa",2010,"MIA",4,119,"EddsA.99",17,0,0,75.625,246,NA,4.62,16,33,117,4.28,7.19,NA,NA
"525","Brandon Watts","LB","Georgia Tech",2014,"MIN",7,223,"WattBr00",9,0,0,73.75,225,NA,NA,NA,NA,NA,NA,NA,NA,NA
"526","Bruce Davis","LB","UCLA",2008,"PIT",3,88,"DaviBr99",15,0,0,74.625,252,NA,4.83,19,29,109,4.47,7.34,NA,NA
"527","Chris Covington","LB","Indiana",2018,"DAL",6,193,"CoviCh01",8,0,0,74.125,245,NA,4.78,23,NA,NA,NA,NA,NA,NA
"528","Dontay Moch","LB","Nevada",2011,"CIN",3,66,"MochDo00",8,0,0,73.375,248,NA,4.4,21,42,128,4.38,7.09,NA,NA
"529","Hakim Akbar","LB",NA,2001,"NE",5,163,"AkbaHa20",10,0,0,NA,NA,NA,NA,NA,NA,NA,NA,NA,NA,NA
"530","Jack Cichy","LB","Wisconsin",2018,"TB",6,202,"CichJa00",10,0,0,74.125,238,NA,NA,18,NA,NA,NA,NA,NA,NA
"531","Keyon Whiteside","LB","Tennessee",2003,"IND",5,162,"WhitKe20",12,0,0,71.9,229,NA,4.74,27,29,111,4.33,7.3,NA,NA
"532","Nate Triplett","LB","Minnesota",2010,"MIN",5,167,"TripNa99",8,0,0,75,250,NA,4.7,20,33,115,4.37,7.02,NA,NA
"533","Richard Seigler","LB","Oregon State",2004,"SF",4,127,"SeigRi20",9,0,0,74.3,244,NA,4.75,25,NA,NA,NA,NA,NA,NA
"534","Robert McCune","LB","Louisville",2005,"WAS",5,154,"McCuRo20",8,0,0,72,245,NA,4.51,34,NA,NA,NA,NA,NA,NA
"535","Ronnell Lewis","LB","Oklahoma",2012,"DET",4,125,"LewiRo02",8,0,0,73.75,253,NA,4.65,36,31,112,4.4,7.09,NA,NA
"536","Terrell Manning","LB","North Carolina State",2012,"GB",5,163,"MannTe00",11,0,0,74.125,237,NA,4.71,22,32.5,114,4.43,7.18,NA,NA
