"","X","Name","Position","College","DraftYear","Team","DraftRound","PickNumber","PlayerID","Games","AvgValue","AV16","Height","Weight","Wonderlic","Forty","Bench","Vert","Broad","Shuttle","ThreeCone","ProBowls","AllPros"
"1",12,"Alvin Kamara","RB","Tennessee",2017,"NO",3,67,"KamaAl00",45,43,15.28888889,69.75,214,24,4.56,15,39.5,131,4.56,NA,3,NA
"2",17,"Ezekiel Elliott","RB","Ohio State",2016,"DAL",1,4,"ElliEz00",56,52,14.85714286,71.75,225,NA,4.47,NA,32.5,118,NA,NA,3,2
"3",18,"LaDainian Tomlinson","RB","Texas Christian",2001,"SD",1,5,"TomlLa00",170,157,14.77647059,70.3,221,NA,4.43,18,40.5,124,4.21,6.84,5,6
"4",27,"Domanick Williams","RB",NA,2003,"HOU",4,101,"DaviDo01",40,34,13.6,NA,NA,NA,NA,NA,NA,NA,NA,NA,NA,NA
"5",30,"Le'Veon Bell","RB","Michigan State",2013,"PIT",2,48,"BellLe00",77,65,13.50649351,73.375,230,NA,4.6,24,31.5,118,4.24,6.75,3,1
"6",31,"Christian McCaffrey","RB","Stanford",2017,"CAR",1,8,"McCaCh01",48,40,13.33333333,71.25,202,21,4.48,10,37.5,121,4.22,6.57,1,NA
"7",32,"Kareem Hunt","RB","Toledo",2017,"KC",3,86,"HuntKa00",35,29,13.25714286,70.5,216,NA,4.62,18,36.5,119,NA,NA,1,NA
"8",33,"Dalvin Cook","RB","Florida State",2017,"MIN",2,41,"CookDa01",29,24,13.24137931,71.125,210,NA,4.49,22,30.5,116,4.53,7.27,1,1
"9",40,"Saquon Barkley","RB","Penn State",2018,"NYG",1,2,"BarkSa00",29,23,12.68965517,72,233,NA,4.4,29,41,NA,4.24,NA,1,1
"10",51,"Ray Rice","RB","Rutgers",2008,"BAL",2,55,"RiceRa00",92,70,12.17391304,68,199,NA,4.46,23,31.5,119,4.2,6.65,3,2
"11",55,"Adrian Peterson","RB","Oklahoma",2007,"MIN",1,7,"PeteAd01",164,121,11.80487805,73.5,217,16,4.41,NA,38.5,127,4.4,7.09,7,7
"12",62,"Todd Gurley","RB","Georgia",2015,"STL",1,10,"GurlTo01",73,53,11.61643836,72.625,222,12,4.52,17,NA,NA,NA,NA,3,3
"13",63,"Clinton Portis","RB",NA,2002,"DEN",2,51,"PortCl00",113,82,11.61061947,NA,NA,NA,NA,NA,NA,NA,NA,NA,NA,NA
"14",78,"DeMarco Murray","RB","Oklahoma",2011,"DAL",3,71,"MurrDe00",99,70,11.31313131,71.625,213,NA,4.37,21,34.5,130,4.18,7.28,3,1
"15",87,"Joseph Addai","RB","Louisiana State",2006,"IND",1,30,"AddaJo00",78,54,11.07692308,71.25,214,NA,4.43,18,37,125,4.47,7.09,1,NA
"16",100,"Matt Forte","RB",NA,2008,"CHI",2,44,"FortMa00",146,99,10.84931507,NA,NA,NA,NA,NA,NA,NA,NA,NA,NA,NA
"17",105,"Chris Carson","RB",NA,2017,"SEA",7,249,"CarsCh00",33,22,10.66666667,NA,NA,NA,NA,NA,NA,NA,NA,NA,NA,NA
"18",109,"Maurice Jones-Drew","RB","UCLA",2006,"JAX",2,60,"DrewMa00",126,84,10.66666667,66.75,207,NA,4.39,18,36,116,4.38,7.08,3,2
"19",113,"Brian Westbrook","RB","Villanova",2002,"PHI",3,91,"WestBr00",121,80,10.5785124,68.4,200,NA,4.59,26,37,118,NA,7.09,2,2
"20",114,"Larry Johnson","RB","Penn State",2003,"KC",1,27,"JohnLa00",85,56,10.54117647,74.4,214,NA,4.55,19,NA,NA,NA,NA,2,2
"21",124,"LeSean McCoy","RB","Pittsburgh",2009,"PHI",2,53,"McCoLe01",160,104,10.4,70.375,198,NA,NA,NA,NA,NA,NA,NA,6,2
"22",134,"Shaun Alexander","RB",NA,2000,"SEA",1,19,"AlexSh00",123,79,10.27642276,NA,NA,NA,NA,NA,NA,NA,NA,NA,NA,NA
"23",138,"Chris Johnson","RB","East Carolina (NC)",2008,"TEN",1,24,"JohnCh04",130,83,10.21538462,71,197,10,4.3,NA,35,130,NA,NA,3,1
"24",149,"Jamal Lewis","RB","Tennessee",2000,"BAL",1,5,"LewiJa00",131,83,10.13740458,71.8,240,NA,4.58,23,NA,NA,NA,NA,NA,NA
"25",150,"Eddie Lacy","RB","Alabama",2013,"GB",2,61,"LacyEd00",60,38,10.13333333,71,220,17,4.55,NA,NA,NA,NA,NA,1,1
"26",157,"Deuce McAllister","RB","Mississippi",2001,"NO",1,23,"McAlDe00",97,61,10.06185567,73.1,222,NA,4.41,20,37.5,NA,NA,NA,2,2
"27",162,"Melvin Gordon","RB","Wisconsin",2015,"SD",1,15,"GordMe00",67,42,10.02985075,72.625,215,20,4.52,19,35,126,4.07,7.04,2,NA
"28",184,"Josh Jacobs","RB","Alabama",2019,"OAK",1,24,"JacoJo01",13,8,9.846153846,70,220,NA,NA,NA,NA,NA,NA,NA,NA,NA
"29",189,"Devonta Freeman","RB","Florida State",2014,"ATL",4,103,"FreeDe00",77,47,9.766233766,68.25,206,NA,4.58,NA,31.5,116,4.26,7.11,2,1
"30",198,"Jamaal Charles","RB","Texas",2008,"KC",3,73,"CharJa00",119,72,9.680672269,71,200,NA,4.41,NA,30.5,122,4.22,6.8,4,3
"31",199,"Marshawn Lynch","RB","California",2007,"BUF",1,12,"LyncMa00",149,90,9.66442953,71.125,215,NA,4.48,20,35.5,125,4.55,7.05,5,2
"32",217,"Jahvid Best","RB","California",2010,"DET",1,30,"BestJa00",22,13,9.454545455,70.125,199,24,4.34,18,32.5,113,4.17,6.75,NA,NA
"33",226,"Leonard Fournette","RB","Louisiana State",2017,"JAX",1,4,"FourLe00",36,21,9.333333333,72.125,240,11,4.51,NA,28.5,NA,NA,NA,NA,NA
"34",230,"David Johnson","RB","Northern Iowa",2015,"ARI",3,86,"JohnDa08",62,36,9.290322581,72.625,224,NA,4.5,25,41.5,127,4.27,6.82,1,NA
"35",231,"Mark Ingram","RB","Alabama",2011,"NO",1,28,"IngrMa01",121,70,9.256198347,69.125,215,NA,4.62,21,31.5,113,4.62,7.13,3,NA
"36",234,"Steven Jackson","RB",NA,2004,"STL",1,24,"JackSt00",160,92,9.2,NA,NA,NA,NA,NA,NA,NA,NA,NA,NA,NA
"37",240,"Frank Gore","RB","Miami (FL)",2005,"SF",3,65,"GoreFr00",226,129,9.132743363,69.375,217,NA,NA,NA,NA,NA,NA,NA,5,1
"38",249,"Joe Mixon","RB","Oklahoma",2017,"CIN",2,48,"MixoJo00",44,25,9.090909091,72.75,226,12,NA,NA,NA,NA,NA,NA,NA,NA
"39",259,"Miles Sanders","RB","Penn State",2019,"PHI",2,53,"SandMi01",16,9,9,70.625,211,NA,4.49,20,36,124,4.19,6.89,NA,NA
"40",260,"Nick Chubb","RB","Georgia",2018,"CLE",2,35,"ChubNi00",32,18,9,70.875,227,NA,4.52,29,38.5,128,4.25,7.09,1,1
"41",266,"Ryan Mathews","RB","Frenso State (CA)",2010,"SD",1,12,"MathRy00",86,48,8.930232558,71.625,218,16,4.37,19,36,121,4.33,7,1,NA
"42",270,"Knowshon Moreno","RB","Georgia",2009,"DEN",1,12,"MoreKn00",63,35,8.888888889,70.625,217,NA,4.5,25,35.5,115,4.27,6.84,NA,NA
"43",274,"Laurence Maroney","RB",NA,2006,"NE",1,21,"MaroLa00",49,27,8.816326531,NA,NA,NA,NA,NA,NA,NA,NA,NA,NA,NA
"44",283,"Rudi Johnson","RB","Auburn",2001,"CIN",4,100,"JohnRu00",95,52,8.757894737,69.6,227,NA,4.57,24,37.5,119,4.22,7.32,1,NA
"45",299,"Onterrio Smith","RB","Oregon",2003,"MIN",4,105,"SmitOn00",26,14,8.615384615,69.9,220,NA,4.48,19,NA,NA,NA,NA,NA,NA
"46",303,"Reggie Bush","RB","Southern California",2006,"NO",1,2,"BushRe00",134,72,8.597014925,70.875,201,NA,NA,NA,NA,NA,NA,NA,NA,1
"47",327,"Aaron Jones","RB","Texas-El Paso",2017,"GB",5,182,"JoneAa00",40,21,8.4,69.125,208,NA,4.56,16,37.5,127,4.2,6.82,NA,NA
"48",352,"DeAngelo Williams","RB","Memphis",2006,"CAR",1,27,"WillDe02",142,73,8.225352113,69,214,NA,4.49,25,35.5,121,NA,NA,1,1
"49",357,"Doug Martin","RB","Boise State",2012,"TB",1,31,"MartDo00",84,43,8.19047619,69.25,223,NA,4.46,28,36,120,4.16,6.79,2,1
"50",359,"Travis Henry","RB","Tennessee",2001,"BUF",2,58,"HenrTr00",90,46,8.177777778,69.1,223,NA,4.61,23,35.5,NA,NA,NA,1,NA
"51",388,"Devin Singletary","RB","Florida Atlantic",2019,"BUF",3,74,"SingDe00",12,6,8,67.625,203,NA,4.66,15,35,117,4.4,7.32,NA,NA
"52",448,"Marlon Mack","RB","South Florida",2017,"IND",4,143,"MackMa00",40,19,7.6,70.75,213,NA,4.5,15,35.5,125,4.22,NA,NA,NA
"53",466,"Tevin Coleman","RB","Indiana",2015,"ATL",3,73,"ColeTe01",70,33,7.542857143,71.375,206,NA,4.59,22,NA,NA,NA,NA,NA,NA
"54",477,"Derrick Henry","RB","Alabama",2016,"TEN",2,45,"HenrDe00",62,29,7.483870968,74.625,247,NA,4.54,22,37,130,4.38,7.2,1,NA
"55",488,"Willis McGahee","RB",NA,2003,"BUF",1,23,"McGaWi00",142,66,7.436619718,NA,NA,NA,NA,NA,NA,NA,NA,NA,NA,NA
"56",490,"Kevan Barlow","RB","Pittsburgh",2001,"SF",3,80,"BarlKe00",84,39,7.428571429,73.1,235,NA,4.56,NA,32,NA,NA,NA,NA,NA
"57",497,"Michael Turner","RB","Northern Illinois",2004,"SD",5,154,"TurnMi00",134,62,7.402985075,70.5,237,NA,4.49,22,31,114,4.15,7.5,2,2
"58",516,"Julius Jones","RB","Notre Dame",2004,"DAL",2,43,"JoneJu01",94,43,7.319148936,69.8,217,NA,4.46,NA,37.5,121,4.12,6.97,NA,NA
"59",524,"Ahmad Bradshaw","RB","Marshall (WV)",2007,"NYG",7,250,"BradAh00",103,47,7.300970874,69.5,198,NA,4.61,NA,34,112,4.09,6.7,NA,NA
"60",526,"Jordan Howard","RB","Indiana",2016,"CHI",5,150,"HowaJo00",57,26,7.298245614,71.875,230,NA,NA,16,34,122,NA,NA,1,NA
"61",535,"Marion Barber","RB","Minnesota",2005,"DAL",4,109,"BarbMa01",99,45,7.272727273,71.375,221,NA,4.53,20,40,122,NA,NA,NA,NA
"62",542,"Kevin Jones","RB","Virginia Tech",2004,"DET",1,30,"JoneKe02",64,29,7.25,72.1,227,NA,4.38,NA,38,120,NA,NA,NA,NA
"63",562,"Lamar Miller","RB","Miami (FL)",2012,"MIA",4,97,"MillLa01",105,47,7.161904762,70.75,212,NA,4.34,NA,33,NA,NA,NA,1,NA
"64",574,"Jay Ajayi","RB","Boise State",2015,"MIA",5,149,"AjayJa00",45,20,7.111111111,71.75,221,24,4.57,19,39,121,4.1,7.1,1,1
"65",578,"Kerryon Johnson","RB","Auburn",2018,"DET",2,43,"JohnKe06",18,8,7.111111111,71.5,213,NA,NA,11,40,126,4.29,7.07,NA,NA
"66",582,"Steve Slaton","RB","West Virginia",2008,"HOU",3,89,"SlatSt00",45,20,7.111111111,69.125,197,NA,4.49,19,33.5,118,NA,NA,NA,NA
"67",596,"Jonathan Stewart","RB","Oregon",2008,"CAR",1,13,"StewJo00",134,59,7.044776119,70.25,235,NA,4.48,28,36.5,128,4.53,7.44,1,1
"68",616,"Tarik Cohen","RB","North Carolina A&T",2017,"CHI",4,119,"CoheTa00",48,21,7,66.375,179,NA,4.42,11,31.5,118,NA,NA,NA,NA
"69",617,"Darren Sproles","RB","Kansas State",2005,"SD",4,130,"SproDa00",183,80,6.994535519,66.125,187,NA,4.49,23,33,102,3.96,6.96,2,NA
"70",618,"Darren McFadden","RB","Arkansas",2008,"OAK",1,4,"McFaDa00",103,45,6.990291262,73.25,211,NA,4.38,NA,33,128,NA,NA,NA,NA
"71",632,"Thomas Jones","RB",NA,2000,"ARI",1,7,"JoneTh00",180,78,6.933333333,NA,NA,NA,NA,NA,NA,NA,NA,NA,NA,NA
"72",635,"James Conner","RB","Pittsburgh",2017,"PIT",3,105,"ConnJa00",37,16,6.918918919,73.25,233,NA,4.65,20,29,113,NA,NA,1,NA
"73",641,"Rashard Mendenhall","RB","Illinois",2008,"PIT",1,23,"MendRa00",72,31,6.888888889,70.125,225,NA,4.45,26,33.5,117,4.18,NA,NA,NA
"74",642,"DeShaun Foster","RB","UCLA",2002,"CAR",2,34,"FostDe00",79,34,6.886075949,73,222,NA,4.57,20,35.5,119,4.16,6.82,NA,NA
"75",660,"Tatum Bell","RB","Oklahoma State",2004,"DEN",2,41,"BellTa00",54,23,6.814814815,71,212,NA,4.39,25,38.5,117,NA,NA,NA,NA
"76",662,"Giovani Bernard","RB","North Carolina",2013,"CIN",2,37,"BernGi00",99,42,6.787878788,68.375,202,25,4.53,19,33.5,122,4.12,6.91,NA,NA
"77",688,"Spencer Ware","RB","Louisiana State",2013,"SEA",6,194,"WareSp00",43,18,6.697674419,70.125,228,NA,NA,NA,NA,NA,NA,NA,NA,NA
"78",704,"Sony Michel","RB","Georgia",2018,"NE",1,31,"MichSo00",29,12,6.620689655,70.625,214,NA,4.54,22,NA,NA,4.21,NA,NA,NA
"79",716,"C.J. Spiller","RB","Clemson",2010,"BUF",1,9,"SpilC.00",90,37,6.577777778,70.625,196,10,4.27,18,NA,NA,NA,NA,1,1
"80",728,"Latavius Murray","RB","Central Florida",2013,"OAK",6,181,"MurrLa00",93,38,6.537634409,74.625,223,NA,NA,NA,NA,NA,NA,NA,1,NA
"81",740,"Cedric Benson","RB","Texas",2005,"CHI",1,4,"BensCe00",96,39,6.5,70.5,222,NA,NA,NA,NA,NA,NA,NA,NA,NA
"82",763,"Jeremy Hill","RB","Louisiana State",2014,"CIN",2,55,"HillJe01",55,22,6.4,72.625,233,NA,4.56,20,29,112,NA,NA,NA,NA
"83",766,"Matt Jones","RB","Florida",2015,"WAS",3,95,"JoneMa04",25,10,6.4,74.375,231,NA,4.61,20,31.5,112,4.2,NA,NA,NA
"84",777,"Mike Anderson","RB",NA,2000,"DEN",6,189,"AndeMi00",98,39,6.367346939,NA,NA,NA,NA,NA,NA,NA,NA,NA,NA,NA
"85",789,"James Starks","RB","Buffalo",2010,"GB",6,193,"StarJa00",76,30,6.315789474,74.125,218,NA,4.5,15,36,119,4.23,6.89,NA,NA
"86",814,"Trent Richardson","RB","Alabama",2012,"CLE",1,3,"RichTr00",46,18,6.260869565,69.25,228,NA,4.49,NA,NA,NA,NA,NA,NA,NA
"87",825,"Alex Collins","RB","Arkansas",2016,"SEA",5,171,"CollAl00",36,14,6.222222222,70,217,NA,4.59,18,28.5,113,NA,NA,NA,NA
"88",832,"Carlos Hyde","RB","Ohio State",2014,"SF",2,57,"HydeCa00",80,31,6.2,71.875,230,9,4.62,19,34.5,113,NA,NA,NA,NA
"89",865,"Montee Ball","RB","Wisconsin",2013,"DEN",2,58,"BallMo00",21,8,6.095238095,70.5,214,NA,4.66,15,32,118,4.4,6.88,NA,NA
"90",872,"Jerick McKinnon","RB","Georgia Southern",2014,"MIN",3,96,"McKiJe00",58,22,6.068965517,68.875,209,NA,4.41,32,40.5,132,4.12,6.83,NA,NA
"91",884,"Rashad Jennings","RB","Liberty (VA)",2009,"JAX",7,250,"JennRa00",93,35,6.021505376,73,231,NA,4.59,29,34,120,4.2,6.86,NA,NA
"92",887,"Brandon Jacobs","RB","Southern Illinois",2005,"NYG",4,110,"JacoBr00",109,41,6.018348624,76.25,267,NA,4.56,19,37,118,4.46,7.53,NA,NA
"93",903,"Felix Jones","RB","Arkansas",2008,"DAL",1,22,"JoneFe00",80,30,6,70.125,207,NA,4.5,NA,33.5,124,4.19,6.9,NA,NA
"94",911,"Nyheim Hines","RB","North Carolina State",2018,"IND",4,104,"HineNy00",32,12,6,68.375,198,NA,4.38,NA,35.5,119,4.35,7.18,NA,NA
"95",912,"Quentin Griffin","RB","Oklahoma",2003,"DEN",4,108,"GrifQu00",16,6,6,67,195,NA,4.49,21,38,123,4.02,NA,NA,NA
"96",928,"Alfred Morris","RB","Florida Atlantic",2012,"WAS",6,173,"MorrAl00",105,39,5.942857143,69.875,219,NA,4.63,16,35.5,117,4.19,7.01,2,1
"97",932,"Kenyan Drake","RB","Alabama",2016,"MIA",3,73,"DrakKe00",62,23,5.935483871,72.625,210,NA,4.45,10,34.5,123,4.21,7.04,NA,NA
"98",937,"Kevin Smith","RB","Central Florida",2008,"DET",3,64,"SmitKe02",54,20,5.925925926,73.125,217,NA,4.56,NA,32,120,4.49,6.74,NA,NA
"99",949,"T.J. Yeldon","RB","Alabama",2015,"JAX",2,36,"YeldT.00",57,21,5.894736842,73.25,226,NA,4.61,22,36,117,4.22,7.19,NA,NA
"100",952,"Chris Brown","RB","Oklahoma",2003,"TEN",3,93,"BrowCh03",68,25,5.882352941,70.375,210,NA,4.55,17,36,115,NA,NA,NA,NA
"101",969,"Stevan Ridley","RB","Louisiana State",2011,"NE",3,73,"RidlSt00",74,27,5.837837838,71.25,225,NA,4.65,18,36,118,4.21,6.78,NA,NA
"102",976,"Karlos Williams","RB","Florida State",2015,"BUF",5,155,"WillKa01",11,4,5.818181818,72.75,230,NA,4.48,16,33.5,117,4.46,7.16,NA,NA
"103",980,"Ronnie Brown","RB","Auburn",2005,"MIA",1,2,"BrowRo05",132,48,5.818181818,72.25,233,NA,4.46,18,34,117,4.08,7.1,1,NA
"104",981,"Tim Hightower","RB",NA,2008,"ARI",5,149,"HighTi00",77,28,5.818181818,NA,NA,NA,NA,NA,NA,NA,NA,NA,NA,NA
"105",995,"Dion Lewis","RB","Pittsburgh",2011,"PHI",5,149,"LewiDi00",86,31,5.76744186,66.625,193,NA,4.56,17,34.5,112,4.18,6.9,NA,1
"106",1006,"Cadillac Williams","RB","Auburn",2005,"TB",1,5,"WillCa02",81,29,5.728395062,70.875,217,NA,4.5,19,35.5,118,4.15,6.94,NA,NA
"107",1015,"Wali Lundy","RB","Virginia",2006,"HOU",6,170,"LundWa00",14,5,5.714285714,71,214,NA,4.52,18,35,111,4.36,6.99,NA,NA
"108",1048,"Michael Bennett","RB","Wisconsin",2001,"MIN",1,27,"BennMi00",109,38,5.577981651,69.3,207,NA,4.44,13,39.5,130,NA,NA,1,NA
"109",1052,"Jamaal Williams","RB","Brigham Young",2017,"GB",4,134,"WillJa06",46,16,5.565217391,72,212,NA,4.59,NA,30,123,4.53,7.25,NA,NA
"110",1090,"Shane Vereen","RB","California",2011,"NE",2,56,"VereSh00",79,27,5.46835443,70.25,210,NA,4.49,31,34,115,4.28,6.95,NA,NA
"111",1114,"Duke Johnson","RB","Miami (FL)",2015,"CLE",3,77,"JohnDu00",80,27,5.4,69.125,207,NA,4.54,NA,33.5,121,NA,NA,NA,NA
"112",1126,"Anthony Thomas","RB","Michigan",2001,"CHI",2,38,"ThomAn01",87,29,5.333333333,73.6,229,NA,4.62,20,32.5,115,4.44,7.48,NA,NA
"113",1146,"Ladell Betts","RB","Iowa",2002,"WAS",2,56,"BettLa00",111,37,5.333333333,70.5,220,NA,4.6,23,38,115,4.06,7.06,NA,NA
"114",1193,"William Green","RB","Boston College",2002,"CLE",1,16,"GreeWi01",46,15,5.217391304,72.3,221,NA,4.65,27,42,121,NA,NA,NA,NA
"115",1217,"Ronnie Hillman","RB","San Diego State",2012,"DEN",3,67,"HillRo00",56,18,5.142857143,68.75,200,NA,4.42,17,37,NA,NA,NA,NA,NA
"116",1231,"Andre Brown","RB","North Carolina State",2009,"NYG",4,129,"BrowAn03",22,7,5.090909091,72.125,224,NA,4.37,24,37,115,4.33,7.35,NA,NA
"117",1232,"Chris Thompson","RB","Florida State",2013,"WAS",5,154,"ThomCh03",66,21,5.090909091,67.125,192,NA,4.42,21,NA,NA,NA,NA,NA,NA
"118",1233,"Donald Brown","RB","Connecticut",2009,"IND",1,27,"BrowDo00",88,28,5.090909091,70.25,210,NA,4.46,NA,41.5,125,4.1,6.93,NA,NA
"119",1234,"Jerious Norwood","RB","Mississippi State",2006,"ATL",3,79,"NorwJe00",66,21,5.090909091,71.625,210,NA,4.4,15,36.5,122,4.25,6.81,NA,NA
"120",1257,"Brandon Jackson","RB","Nebraska",2007,"GB",2,63,"JackBr00",54,17,5.037037037,69.875,210,NA,4.56,21,37,122,4.14,7,NA,NA
"121",1259,"Zac Stacy","RB","Vanderbilt",2013,"STL",5,160,"StacZa00",35,11,5.028571429,68.375,216,NA,4.55,27,33,122,4.17,6.7,NA,NA
"122",1266,"David Montgomery","RB","Iowa State",2019,"CHI",3,73,"MontDa01",16,5,5,70.125,222,NA,4.63,15,28.5,121,NA,NA,NA,NA
"123",1278,"Chester Taylor","RB","Toledo",2002,"BAL",6,207,"TaylCh01",151,47,4.98013245,70.8,213,NA,4.64,22,33,111,NA,NA,NA,NA
"124",1285,"Correll Buckhalter","RB","Nebraska",2001,"PHI",4,121,"BuckCo00",103,32,4.970873786,73,226,NA,4.53,11,40,NA,4.06,7.08,NA,NA
"125",1295,"Theo Riddick","RB","Notre Dame",2013,"DET",6,199,"RiddTh00",84,26,4.952380952,70.125,201,NA,4.68,NA,32,118,NA,NA,NA,NA
"126",1304,"Alexander Mattison","RB","Boise State",2019,"MIN",3,102,"MattAl01",13,4,4.923076923,70.875,221,NA,4.67,22,35,127,4.29,7.13,NA,NA
"127",1321,"LaMont Jordan","RB",NA,2001,"NYJ",2,49,"JordLa00",114,35,4.912280702,NA,NA,NA,NA,NA,NA,NA,NA,NA,NA,NA
"128",1359,"Charles Sims","RB","West Virginia",2014,"TB",3,69,"SimsCh00",47,14,4.765957447,72,214,NA,4.48,17,37.5,125,4.3,7.16,NA,NA
"129",1372,"Beanie Wells","RB","Michigan State",2009,"ARI",1,31,"WellCh00",51,15,4.705882353,73,235,NA,4.59,25,33.5,128,NA,NA,NA,NA
"130",1373,"Ben Tate","RB","Auburn",2010,"HOU",2,58,"TateBe00",51,15,4.705882353,71,220,NA,4.34,26,40.5,124,4.12,6.91,NA,NA
"131",1375,"Mikel Leshoure","RB","Illinois",2011,"DET",2,57,"LeshMi00",17,5,4.705882353,71.625,227,NA,4.56,21,38,122,4.4,6.82,NA,NA
"132",1376,"Shonn Greene","RB","Iowa",2009,"NYJ",3,65,"GreeSh00",85,25,4.705882353,70.5,227,NA,4.62,19,37,121,4.4,7.1,NA,NA
"133",1377,"Vick Ballard","RB","Mississippi State",2012,"IND",5,170,"BallVi00",17,5,4.705882353,70.25,219,NA,4.59,23,33,115,4.19,7.03,NA,NA
"134",1383,"Andre Ellington","RB","Clemson",2013,"ARI",6,187,"ElliAn00",65,19,4.676923077,69.25,199,NA,4.61,NA,34,122,NA,NA,NA,NA
"135",1384,"Michael Bush","RB",NA,2007,"OAK",4,100,"BushMi00",89,26,4.674157303,NA,NA,NA,NA,NA,NA,NA,NA,NA,NA,NA
"136",1391,"Rashaad Penny","RB","San Diego State",2018,"SEA",1,27,"PennRa00",24,7,4.666666667,71,220,NA,4.46,13,32.5,120,NA,NA,NA,NA
"137",1401,"Derrick Ward","RB",NA,2004,"NYJ",7,235,"WardDe01",93,27,4.64516129,NA,NA,NA,NA,NA,NA,NA,NA,NA,NA,NA
"138",1420,"Justin Forsett","RB","California",2008,"SEA",7,233,"ForsJu00",122,35,4.590163934,68,194,NA,NA,26,26.5,112,NA,6.96,1,NA
"139",1467,"Ronald Jones II","RB",NA,2018,"TB",2,38,"JoneRo01",25,7,4.48,NA,NA,NA,NA,NA,NA,NA,NA,NA,NA,NA
"140",1468,"Tre Mason","RB","Auburn",2014,"STL",3,75,"MasoTr00",25,7,4.48,68.5,207,NA,4.5,NA,38.5,125,4.15,NA,NA,NA
"141",1471,"Terrance West","RB","Towson (MD)",2014,"CLE",3,94,"WestTe00",43,12,4.465116279,69.25,225,NA,4.56,16,33.5,120,NA,NA,NA,NA
"142",1477,"Kenneth Dixon","RB","Louisiana Tech",2016,"BAL",4,134,"DixoKe00",18,5,4.444444444,70.125,215,NA,4.56,18,37.5,121,4.28,6.97,NA,NA
"143",1478,"Mike Gillislee","RB","Florida",2013,"MIA",5,164,"GillMi00",36,10,4.444444444,71.125,208,NA,4.55,15,30.5,119,4.4,7.12,NA,NA
"144",1491,"Jeremy Langford","RB","Michigan State",2015,"CHI",4,106,"LangJe00",29,8,4.413793103,71.625,208,NA,4.42,NA,34.5,118,4.32,7.22,NA,NA
"145",1494,"Lee Suggs","RB",NA,2003,"CLE",4,115,"SuggLe00",29,8,4.413793103,NA,NA,NA,NA,NA,NA,NA,NA,NA,NA,NA
"146",1499,"Bilal Powell","RB","Louisville",2011,"NYJ",4,126,"PoweBi00",109,30,4.403669725,70.5,207,NA,4.52,18,NA,NA,NA,NA,NA,NA
"147",1502,"Najeh Davenport","RB",NA,2002,"GB",4,135,"DaveNa00",73,20,4.383561644,NA,NA,NA,NA,NA,NA,NA,NA,NA,NA,NA
"148",1508,"D'Onta Foreman","RB","Texas",2017,"HOU",3,89,"ForeDO00",11,3,4.363636364,72.25,233,NA,NA,18,NA,NA,4.28,NA,NA,NA
"149",1521,"Mewelde Moore","RB","Tulane (LA)",2004,"MIN",4,119,"MoorMe00",122,33,4.327868852,70.6,209,NA,4.62,NA,35,118,4.12,7.05,NA,NA
"150",1528,"Leon Washington","RB","Florida State",2006,"NYJ",4,117,"WashLe00",126,34,4.317460317,67.88,201,NA,4.49,17,32.5,105,4.37,6.94,1,1
"151",1552,"Royce Freeman","RB","Oregon",2018,"DEN",3,71,"FreeRo00",30,8,4.266666667,71.5,229,NA,4.54,17,34,118,4.16,6.9,NA,NA
"152",1555,"Tony Pollard","RB","Memphis",2019,"DAL",4,128,"PollTo00",15,4,4.266666667,71.625,210,NA,4.52,13,35,121,NA,NA,NA,NA
"153",1565,"Alfred Blue","RB","Louisiana State",2014,"HOU",6,181,"BlueAl00",72,19,4.222222222,74.375,223,NA,4.63,13,32,121,4.5,7.15,NA,NA
"154",1585,"Ron Dayne","RB",NA,2000,"NYG",1,11,"DaynRo00",96,25,4.166666667,NA,NA,NA,NA,NA,NA,NA,NA,NA,NA,NA
"155",1593,"Daryl Richardson","RB","Abilene Christian (TX)",2012,"STL",7,252,"RichDa00",27,7,4.148148148,70.375,192,NA,4.47,NA,NA,NA,NA,NA,NA,NA
"156",1599,"LenDale White","RB","Southern California",2006,"TEN",2,45,"WhitLe01",58,15,4.137931034,72.375,238,NA,NA,NA,NA,NA,NA,NA,NA,NA
"157",1606,"Chris Perry","RB","Michigan",2004,"CIN",1,26,"PerrCh00",35,9,4.114285714,72,224,NA,4.55,19,NA,NA,NA,NA,NA,NA
"158",1625,"Reuben Droughns","RB","Oregon",2000,"DET",3,81,"DrouRe00",114,29,4.070175439,71.3,215,NA,4.68,13,30,115,4.41,7.34,NA,NA
"159",1641,"Cedric Houston","RB","Tennessee",2005,"NYJ",6,182,"HousCe00",20,5,4,70.75,225,NA,NA,NA,NA,NA,NA,NA,NA,NA
"160",1649,"Elijah McGuire","RB","Louisiana-Lafayette",2017,"NYJ",6,188,"McGuEl00",24,6,4,69.75,214,NA,4.53,15,36,120,4.56,7.26,NA,NA
"161",1675,"T.J. Duckett","RB",NA,2002,"ATL",1,18,"DuckT.00",93,23,3.956989247,NA,NA,NA,NA,NA,NA,NA,NA,NA,NA,NA
"162",1679,"Roy Helu","RB","Nebraska",2011,"WAS",4,105,"HeluRo00",57,14,3.929824561,71.5,219,NA,4.4,11,36.5,119,4.01,6.67,NA,NA
"163",1681,"Jacquizz Rodgers","RB","Oregon State",2011,"ATL",5,145,"RodgJa00",110,27,3.927272727,65.875,196,NA,4.59,NA,33,113,4.26,7.31,NA,NA
"164",1689,"Kendall Hunter","RB","Oklahoma State",2011,"SF",4,115,"HuntKe00",45,11,3.911111111,67.25,199,NA,4.46,24,35,122,4.21,6.74,NA,NA
"165",1700,"Maurice Morris","RB","Oregon",2002,"SEA",2,54,"MorrMa00",145,35,3.862068966,71.4,208,NA,4.51,23,36.5,117,NA,NA,NA,NA
"166",1711,"Jason Snelling","RB",NA,2007,"ATL",7,244,"SnelJa00",96,23,3.833333333,NA,NA,NA,NA,NA,NA,NA,NA,NA,NA,NA
"167",1712,"Trung Canidate","RB","Arizona",2000,"STL",1,31,"CaniTr00",46,11,3.826086957,70.6,193,NA,4.46,18,NA,NA,NA,NA,NA,NA
"168",1714,"Bryce Brown","RB","Kansas State",2012,"PHI",7,229,"BrowBr02",42,10,3.80952381,71.5,223,NA,NA,NA,NA,NA,NA,NA,NA,NA
"169",1715,"David Wilson","RB","Virginia Tech",2012,"NYG",1,32,"WilsDa01",21,5,3.80952381,69.625,206,NA,4.38,NA,41,132,4.12,7.09,NA,NA
"170",1721,"Christine Michael","RB","Texas A&M",2013,"SEA",2,62,"MichCh00",38,9,3.789473684,70,220,11,4.54,27,43,125,4.02,6.69,NA,NA
"171",1730,"Derrick Blaylock","RB","Stephen F. Austin (TX)",2001,"KC",5,150,"BlayDe00",51,12,3.764705882,69.9,194,NA,4.39,18,35.5,119,4.09,7.05,NA,NA
"172",1765,"Benny Snell Jr.","RB",NA,2019,"PIT",4,122,"SnelBe00",13,3,3.692307692,NA,NA,NA,NA,NA,NA,NA,NA,NA,NA,NA
"173",1766,"Boston Scott","RB",NA,2018,"NO",6,201,"ScotBo02",13,3,3.692307692,NA,NA,NA,NA,NA,NA,NA,NA,NA,NA,NA
"174",1767,"Daniel Thomas","RB","Kansas State",2011,"MIA",2,62,"ThomDa03",52,12,3.692307692,72.25,230,NA,4.63,21,NA,NA,NA,NA,NA,NA
"175",1779,"Sammy Morris","RB",NA,2000,"BUF",5,156,"MorrSa00",144,33,3.666666667,NA,NA,NA,NA,NA,NA,NA,NA,NA,NA,NA
"176",1786,"Ryan Torain","RB","Arizona State",2008,"DEN",5,139,"ToraRy00",22,5,3.636363636,72.375,222,NA,4.68,21,34,120,NA,NA,NA,NA
"177",1799,"Ameer Abdullah","RB","Nebraska",2015,"DET",2,54,"AbduAm00",58,13,3.586206897,68.75,205,NA,4.6,24,42.5,130,3.95,6.79,NA,NA
"178",1815,"Jerome Harrison","RB","Washington State",2006,"CLE",5,145,"HarrJe00",63,14,3.555555556,69.25,201,NA,4.49,19,34.5,124,4.07,6.77,NA,NA
"179",1838,"Lamar Gordon","RB","North Dakota State",2002,"STL",3,84,"GordLa00",41,9,3.512195122,72.6,214,NA,4.59,16,34,115,NA,NA,NA,NA
"180",1839,"Rex Burkhead","RB","Nebraska",2013,"CIN",6,190,"BurkRe00",73,16,3.506849315,70.25,214,NA,4.73,21,39,125,4.09,6.85,NA,NA
"181",1841,"Javorius Allen","RB","Southern California",2015,"BAL",4,125,"AlleJa01",64,14,3.5,72.5,221,12,4.53,11,35.5,121,4.28,6.96,NA,NA
"182",1843,"DeAndre Washington","RB","Texas Tech",2016,"OAK",5,143,"WashDe00",55,12,3.490909091,68.25,204,NA,4.49,24,34.5,116,4.2,7.03,NA,NA
"183",1875,"Mike Davis","RB","South Carolina",2015,"SF",4,126,"DaviMi01",47,10,3.404255319,69.125,217,NA,4.61,17,34,116,4.18,7,NA,NA
"184",1888,"Jonathan Dwyer","RB","Georgia Tech",2010,"PIT",6,188,"DwyeJo00",38,8,3.368421053,71.25,229,17,4.64,15,33,107,4.67,7.56,NA,NA
"185",1911,"Robert Turbin","RB","Utah State",2012,"SEA",4,106,"TurbRo00",82,17,3.317073171,70,222,NA,4.42,28,36,122,4.31,7.16,NA,NA
"186",1912,"Toby Gerhart","RB","Stanford",2010,"MIN",2,51,"GerhTo00",82,17,3.317073171,72,231,NA,4.5,22,38,118,4.25,6.94,NA,NA
"187",1914,"Bishop Sankey","RB","Washington",2014,"TEN",2,54,"SankBi00",29,6,3.310344828,69.5,209,NA,4.49,26,35.5,125,4,6.75,NA,NA
"188",1918,"J.J. Arrington","RB","California",2005,"ARI",2,44,"ArriJ.00",58,12,3.310344828,68.875,214,NA,4.45,18,35,116,4.1,6.81,NA,NA
"189",1929,"Vernand Morency","RB","Oklahoma State",2005,"HOU",3,73,"MoreVe00",39,8,3.282051282,69.625,212,NA,4.51,19,33.5,108,4.12,7.02,NA,NA
"190",1957,"C.J. Prosise","RB","Notre Dame",2016,"SEA",3,90,"ProsC.00",25,5,3.2,72.5,220,NA,4.48,NA,35.5,121,NA,NA,NA,NA
"191",1968,"Joseph Randle","RB","Oklahoma State",2013,"DAL",5,151,"RandJo01",35,7,3.2,72,204,NA,4.63,NA,35,123,NA,NA,NA,NA
"192",1969,"Justin Jackson","RB","Northwestern",2018,"LAC",7,251,"JackJu01",20,4,3.2,71.625,199,NA,4.52,13,38.5,122,4.07,6.81,NA,NA
"193",1989,"Devontae Booker","RB","Utah",2016,"DEN",4,136,"BookDe00",61,12,3.147540984,70.75,219,NA,NA,22,NA,NA,NA,NA,NA,NA
"194",2019,"Wendell Smallwood","RB","West Virginia",2016,"PHI",5,153,"SmalWe00",52,10,3.076923077,70.5,208,NA,4.47,14,33.5,120,4.28,6.83,NA,NA
"195",2030,"Ito Smith","RB","Southern Mississippi",2018,"ATL",4,126,"SmitIt00",21,4,3.047619048,68.625,200,NA,NA,NA,NA,NA,NA,NA,NA,NA
"196",2059,"Justice Hill","RB","Oklahoma State",2019,"BAL",4,113,"HillJu00",16,3,3,69.625,198,NA,4.4,21,40,130,NA,NA,NA,NA
"197",2095,"Ryan Moats","RB","Louisiana Tech",2005,"PHI",3,77,"MoatRy00",38,7,2.947368421,68.25,210,NA,4.49,19,36,116,4.1,7.22,NA,NA
"198",2098,"Wayne Gallman","RB","Clemson",2017,"NYG",4,140,"GallWa00",38,7,2.947368421,72.25,215,NA,4.6,21,29.5,120,4.28,7.17,NA,NA
"199",2100,"Bernard Scott","RB","Abilene Christian (TX)",2009,"CIN",6,209,"ScotBe00",49,9,2.93877551,70.25,200,NA,4.44,21,36,125,4.08,6.82,NA,NA
"200",2122,"J.R. Redmond","RB","Arizona State",2000,"NE",3,76,"RedmJ.00",50,9,2.88,71.5,216,NA,4.48,NA,32.5,121,NA,NA,NA,NA
"201",2130,"Samaje Perine","RB","Oklahoma",2017,"WAS",4,114,"PeriSa00",28,5,2.857142857,70.625,233,NA,4.65,30,33,116,4.37,7.26,NA,NA
"202",2150,"Knile Davis","RB","Arkansas",2013,"KC",3,96,"DaviKn00",57,10,2.807017544,71.375,227,NA,4.37,31,33.5,121,4.38,6.96,NA,NA
"203",2166,"Montario Hardesty","RB","Tennessee",2010,"CLE",2,59,"HardMo00",23,4,2.782608696,71.75,225,25,4.49,21,41,124,4.14,6.87,NA,NA
"204",2173,"James Jackson","RB","Miami (FL)",2001,"CLE",3,65,"JackJa00",52,9,2.769230769,70.4,210,NA,4.55,NA,35,NA,NA,NA,NA,NA
"205",2174,"Alex Green","RB","Hawaii",2011,"GB",3,96,"GreeAl00",29,5,2.75862069,72.25,225,NA,4.45,20,34,114,4.15,6.91,NA,NA
"206",2175,"Brian Hill","RB","Wyoming",2017,"ATL",5,156,"HillBr02",29,5,2.75862069,72.625,219,NA,4.54,15,34,125,4.32,7.03,NA,NA
"207",2176,"Chase Edmonds","RB","Fordham (NY)",2018,"ARI",4,134,"EdmoCh00",29,5,2.75862069,69.125,205,NA,4.55,19,34,122,4.07,6.79,NA,NA
"208",2179,"LaRod Stephens-Howling","RB","Pittsburgh",2009,"ARI",7,240,"StepLa00",58,10,2.75862069,66.5,180,NA,NA,NA,NA,NA,NA,NA,NA,NA
"209",2180,"Paul Perkins","RB","UCLA",2016,"NYG",5,149,"PerkPa00",29,5,2.75862069,70.375,208,NA,4.54,19,32,124,NA,NA,NA,NA
"210",2194,"Andre Williams","RB","Boston College",2014,"NYG",4,113,"WillAn00",41,7,2.731707317,71.375,230,NA,4.56,NA,38,128,4.06,7.27,NA,NA
"211",2198,"Joe McKnight","RB","Southern California",2010,"NYJ",4,112,"McKnJo00",41,7,2.731707317,71.375,198,NA,4.4,18,36.5,120,NA,NA,NA,NA
"212",2199,"Artose Pinner","RB",NA,2003,"DET",4,99,"PinnAr00",47,8,2.723404255,NA,NA,NA,NA,NA,NA,NA,NA,NA,NA,NA
"213",2222,"Jonathan Wells","RB",NA,2002,"HOU",4,99,"WellJo00",60,10,2.666666667,NA,NA,NA,NA,NA,NA,NA,NA,NA,NA,NA
"214",2224,"Jordan Wilkins","RB","Mississippi",2018,"IND",5,169,"WilkJo01",30,5,2.666666667,72.625,216,NA,NA,16,36,117,4.27,NA,NA,NA
"215",2231,"Mike Goodson","RB","Texas A&M",2009,"CAR",4,111,"GoodMi00",42,7,2.666666667,71.875,208,NA,4.46,14,39.5,118,4.22,6.89,NA,NA
"216",2281,"Tashard Choice","RB","Georgia Tech",2008,"DAL",4,122,"ChoiTa00",88,14,2.545454545,70.5,215,NA,4.5,20,34,119,NA,6.88,NA,NA
"217",2289,"Lorenzo Taliaferro","RB","Coastal Carolina (SC)",2014,"BAL",4,138,"TaliLo00",19,3,2.526315789,72.25,229,NA,4.58,18,33,116,4.22,6.88,NA,NA
"218",2298,"Cameron Artis-Payne","RB","Auburn",2015,"CAR",5,174,"ArtiCa00",32,5,2.5,69.75,212,NA,4.53,NA,36.5,118,NA,7.13,NA,NA
"219",2327,"Kerwynn Williams","RB","Utah State",2013,"IND",7,230,"WillKe05",39,6,2.461538462,68.125,196,NA,4.48,17,35,118,4.15,7.15,NA,NA
"220",2352,"Chris Ogbonnaya","RB","Texas",2009,"STL",7,211,"OgboCh00",53,8,2.41509434,71.75,220,NA,4.57,19,35,111,4.29,6.85,NA,NA
"221",2371,"Kolby Smith","RB","Louisville",2007,"KC",5,148,"SmitKo00",27,4,2.37037037,71.25,220,NA,4.52,18,38,114,4.34,7.22,NA,NA
"222",2397,"Dan Herron","RB","Ohio State",2012,"CIN",6,191,"HerrDa00",35,5,2.285714286,69.75,213,NA,4.57,22,35,117,4.04,6.97,NA,NA
"223",2407,"Glen Coffee","RB","Alabama",2009,"SF",3,74,"CoffGl00",14,2,2.285714286,72.125,209,NA,4.5,24,36,121,4.51,7.35,NA,NA
"224",2420,"Mark Walton","RB","Miami (FL)",2018,"CIN",4,112,"WaltMa00",21,3,2.285714286,69.625,202,NA,4.6,18,31.5,118,NA,NA,NA,NA
"225",2422,"Mike Hart","RB","Michigan",2008,"IND",6,202,"HartMi00",21,3,2.285714286,68.875,206,NA,4.77,23,28,110,NA,NA,NA,NA
"226",2423,"Rondell Mealey","RB","Louisiana State",2000,"GB",7,252,"MealRo00",14,2,2.285714286,71.6,212,NA,4.69,NA,33,120,4.15,6.89,NA,NA
"227",2455,"Brian Leonard","RB","Rutgers",2007,"STL",2,52,"LeonBr00",88,12,2.181818182,73.5,226,NA,4.54,28,34.5,122,4.22,6.88,NA,NA
"228",2465,"Justin Griffith","RB",NA,2003,"ATL",4,121,"GrifJu00",96,13,2.166666667,NA,NA,NA,NA,NA,NA,NA,NA,NA,NA,NA
"229",2493,"Travis Prentice","RB","Miami (OH)",2000,"CLE",3,63,"PrenTr00",30,4,2.133333333,71.8,225,NA,4.5,23,37,115,4.4,6.92,NA,NA
"230",2500,"Alvin Pearman","RB","Virginia",2005,"JAX",4,127,"PearAl00",38,5,2.105263158,69.375,208,NA,4.65,24,34,112,4.08,7.06,NA,NA
"231",2505,"Antonio Pittman","RB","Ohio State",2007,"NO",4,107,"PittAn00",23,3,2.086956522,70.75,207,NA,4.42,16,35.5,123,4.16,6.84,NA,NA
"232",2508,"DeShawn Wynn","RB","Florida",2007,"GB",7,228,"WynnDe00",23,3,2.086956522,70.38,232,NA,4.49,NA,31.5,115,NA,NA,NA,NA
"233",2512,"Jonathan Williams","RB","Arkansas",2016,"BUF",5,156,"WillJo07",23,3,2.086956522,70.75,220,NA,NA,16,NA,NA,NA,NA,NA,NA
"234",2515,"Noah Herron","RB","Northwestern",2005,"PIT",7,244,"HerrNo00",23,3,2.086956522,71,224,NA,4.67,17,31,107,3.97,6.95,NA,NA
"235",2541,"Brock Forsey","RB",NA,2003,"CHI",6,206,"ForsBr00",16,2,2,NA,NA,NA,NA,NA,NA,NA,NA,NA,NA,NA
"236",2557,"Evan Royster","RB","Penn State",2011,"WAS",6,177,"RoysEv00",32,4,2,71.625,212,NA,4.65,20,34,113,4.18,7.07,NA,NA
"237",2565,"John Kelly","RB","Tennessee",2018,"LAR",6,176,"KellJo00",8,1,2,69.875,216,NA,NA,15,35,120,4.51,7.13,NA,NA
"238",2569,"Kalen Ballage","RB","Arizona State",2018,"MIA",4,131,"BallKa00",24,3,2,73.5,228,NA,4.46,15,33.5,122,4.35,6.91,NA,NA
"239",2589,"Ryquell Armstead","RB","Temple",2019,"JAX",5,140,"ArmsRy00",16,2,2,71.25,220,NA,4.45,22,30,114,4.29,7.02,NA,NA
"240",2602,"Musa Smith","RB","Georgia",2003,"BAL",3,77,"SmitMu00",49,6,1.959183673,72.8,232,NA,4.45,NA,35.5,123,NA,NA,NA,NA
"241",2611,"Deji Karim","RB","Southern Illinois",2010,"JAX",6,180,"KariDe00",33,4,1.939393939,68.625,209,NA,NA,NA,NA,NA,NA,NA,NA,NA
"242",2644,"Verron Haynes","RB",NA,2002,"PIT",5,166,"HaynVe00",68,8,1.882352941,NA,NA,NA,NA,NA,NA,NA,NA,NA,NA,NA
"243",2646,"Le'Ron McClain","RB",NA,2007,"BAL",4,137,"McClLe00",111,13,1.873873874,NA,NA,NA,NA,NA,NA,NA,NA,NA,NA,NA
"244",2657,"Doug Chapman","RB","Marshall (WV)",2000,"MIN",3,88,"ChapDo00",26,3,1.846153846,70,215,NA,4.59,16,38.5,128,4.2,6.84,NA,NA
"245",2674,"Adrian Peterson","RB","Georgia Southern",2002,"CHI",6,199,"PeteAd00",106,12,1.811320755,70,214,NA,4.69,14,34,117,4.6,7.59,7,7
"246",2697,"Delone Carter","RB","Syracuse",2011,"IND",4,119,"CartDe01",27,3,1.777777778,68.625,222,NA,4.54,27,37,120,4.07,6.92,NA,NA
"247",2706,"James Davis","RB","Clemson",2009,"CLE",6,195,"DaviJa03",9,1,1.777777778,71,218,NA,4.55,17,32,109,4.37,7.15,NA,NA
"248",2714,"LaBrandon Toefield","RB","Louisiana State",2003,"JAX",4,132,"ToefLa00",45,5,1.777777778,70.9,233,NA,4.6,19,NA,NA,NA,NA,NA,NA
"249",2715,"LaMichael James","RB","Oregon",2012,"SF",2,61,"JameLa00",18,2,1.777777778,68,194,NA,4.35,15,35,123,4.12,6.88,NA,NA
"250",2717,"Lorenzo Booker","RB","Florida State",2007,"MIA",3,71,"BookLo00",36,4,1.777777778,70.38,191,NA,4.5,26,35.5,121,NA,NA,NA,NA
"251",2739,"Javon Ringer","RB","Michigan State",2009,"TEN",5,173,"RingJa00",37,4,1.72972973,69.125,205,NA,4.55,23,34,115,4.11,6.87,NA,NA
"252",2829,"Trenton Cannon","RB","Virginia State",2018,"NYJ",6,204,"CannTr00",20,2,1.6,70.25,185,NA,NA,NA,NA,NA,NA,NA,NA,NA
"253",2838,"Kenneth Darby","RB","Alabama",2007,"TB",7,246,"DarbKe00",41,4,1.56097561,70.375,211,NA,4.76,19,30,108,4.53,7.25,NA,NA
"254",2858,"Michael Wiley","RB",NA,2000,"DAL",5,144,"WileMi00",42,4,1.523809524,NA,NA,NA,NA,NA,NA,NA,NA,NA,NA,NA
"255",2889,"Travis Minor","RB","Florida State",2001,"MIA",3,85,"MinoTr00",118,11,1.491525424,70.1,197,NA,4.46,9,32,115,NA,NA,NA,NA
"256",2897,"Aaron Brown","RB","Texas Christian",2009,"DET",6,192,"BrowAa00",22,2,1.454545455,72.5,200,NA,NA,NA,NA,NA,NA,NA,NA,NA
"257",2901,"Brian Calhoun","RB","Wisconsin",2006,"DET",3,74,"CalhBr00",11,1,1.454545455,69.25,201,NA,4.6,18,31.5,124,4.2,7.05,NA,NA
"258",2902,"Chris Henry","RB","Arizona",2007,"TEN",2,50,"HenrCh01",11,1,1.454545455,71.25,230,NA,4.41,26,36,127,4.14,6.96,NA,NA
"259",2918,"Johnathan Franklin","RB","UCLA",2013,"GB",4,125,"FranJo01",11,1,1.454545455,70,205,NA,4.49,18,31.5,115,4.31,6.89,NA,NA
"260",2958,"Dwayne Washington","RB","Washington",2016,"DET",7,236,"WashDw00",46,4,1.391304348,73,223,NA,NA,NA,NA,NA,NA,NA,NA,NA
"261",2959,"Mike James","RB","Miami (FL)",2013,"TB",6,189,"JameMi00",23,2,1.391304348,70.5,223,NA,4.53,28,35,115,4.62,NA,NA,NA
"262",2974,"Anthony Dixon","RB","Mississippi State",2010,"SF",6,173,"DixoAn00",96,8,1.333333333,72.75,233,25,4.67,15,33,121,4.49,7.09,NA,NA
"263",2976,"Baron Batch","RB","Texas Tech",2011,"PIT",7,232,"BatcBa00",12,1,1.333333333,69.625,207,NA,NA,NA,NA,NA,NA,NA,NA,NA
"264",2984,"Darwin Thompson","RB","Utah State",2019,"KC",6,214,"ThomDa06",12,1,1.333333333,68,198,NA,NA,NA,NA,NA,NA,NA,NA,NA
"265",2991,"Ka'Deem Carey","RB",NA,2014,"CHI",4,117,"CareKa00",36,3,1.333333333,NA,NA,NA,NA,NA,NA,NA,NA,NA,NA,NA
"266",3000,"Quinton Ganther","RB","Utah",2006,"TEN",7,246,"GantQu00",36,3,1.333333333,69.5,218,NA,4.56,29,35,119,NA,7.19,NA,NA
"267",3056,"Darrell Henderson","RB","Memphis",2019,"LAR",3,70,"HendDa00",13,1,1.230769231,68.375,208,NA,4.49,22,33.5,121,NA,NA,NA,NA
"268",3080,"Greg Jones","RB",NA,2004,"JAX",2,55,"JoneGr01",131,10,1.221374046,NA,NA,NA,NA,NA,NA,NA,NA,NA,NA,NA
"269",3122,"Frank Moreau","RB","Louisville",2000,"KC",4,115,"MoreFr00",14,1,1.142857143,73,231,NA,4.57,23,36,117,NA,NA,NA,NA
"270",3130,"Marcus Murphy","RB","Missouri",2015,"NO",7,230,"MurpMa03",28,2,1.142857143,68.625,193,NA,4.61,11,29,109,4.4,NA,NA,NA
"271",3162,"Dwayne Wright","RB","Frenso State (CA)",2007,"BUF",4,111,"WrigDw01",15,1,1.066666667,71.5,228,NA,4.69,14,34,115,4.43,7.23,NA,NA
"272",3170,"Jordan Todman","RB","Connecticut",2011,"SD",6,183,"TodmJo00",75,5,1.066666667,68.875,203,NA,4.4,25,38,126,4.18,7.24,NA,NA
"273",3217,"Garrett Mills","RB",NA,2006,"NE",4,106,"MillGa01",16,1,1,NA,NA,NA,NA,NA,NA,NA,NA,NA,NA,NA
"274",3233,"Mike Green","RB",NA,2000,"TEN",7,213,"GreeMi00",32,2,1,NA,NA,NA,NA,NA,NA,NA,NA,NA,NA,NA
"275",3240,"Travis Homer","RB","Miami (FL)",2019,"SEA",6,204,"HomeTr00",16,1,1,70.375,201,NA,4.48,17,39.5,130,4.31,7.07,NA,NA
"276",3261,"Kenjon Barner","RB","Oregon",2013,"CAR",6,182,"BarnKe00",68,4,0.941176471,69.25,196,NA,4.52,20,35.5,122,4.2,6.87,NA,NA
"277",3281,"Ovie Mughelli","RB",NA,2003,"BAL",4,134,"MughOv00",107,6,0.897196262,NA,NA,NA,NA,NA,NA,NA,NA,NA,NA,NA
"278",3284,"Chris Rainey","RB","Florida",2012,"PIT",5,159,"RainCh00",18,1,0.888888889,68.375,180,NA,4.36,16,36.5,120,3.93,6.5,NA,NA
"279",3285,"Ciatrick Fason","RB","Florida",2005,"MIN",4,112,"FasoCi00",18,1,0.888888889,72.75,207,NA,NA,NA,NA,NA,NA,NA,NA,NA
"280",3297,"Adimchinobe Echemandu","RB",NA,2004,"CLE",7,208,"EcheAd00",19,1,0.842105263,NA,NA,NA,NA,NA,NA,NA,NA,NA,NA,NA
"281",3298,"Allen Bradford","RB","Southern California",2011,"TB",6,187,"BradAl00",19,1,0.842105263,70.875,242,NA,4.53,28,29,113,4.39,6.97,NA,NA
"282",3313,"Da'Rel Scott","RB","Maryland",2011,"NYG",7,221,"ScotDa01",20,1,0.8,71,211,NA,4.4,19,34,117,4.2,7.15,NA,NA
"283",3322,"Sean McHugh","RB",NA,2004,"TEN",7,241,"McHuSe00",40,2,0.8,NA,NA,NA,NA,NA,NA,NA,NA,NA,NA,NA
"284",3323,"Stepfan Taylor","RB","Stanford",2013,"ARI",5,140,"TaylSt00",61,3,0.786885246,69.125,214,NA,4.76,17,30,110,4.5,7.13,NA,NA
"285",3324,"Thomas Tapeh","RB",NA,2004,"PHI",5,162,"TapeTh00",41,2,0.780487805,NA,NA,NA,NA,NA,NA,NA,NA,NA,NA,NA
"286",3326,"Lex Hilliard","RB",NA,2008,"MIA",6,204,"HillLe00",62,3,0.774193548,NA,NA,NA,NA,NA,NA,NA,NA,NA,NA,NA
"287",3327,"B.J. Askew","RB",NA,2003,"NYJ",3,85,"AskeB.00",83,4,0.771084337,NA,NA,NA,NA,NA,NA,NA,NA,NA,NA,NA
"288",3329,"Anthony Allen","RB","Georgia Tech",2011,"BAL",7,225,"AlleAn01",21,1,0.761904762,72.75,228,NA,4.56,24,41.5,120,4.06,6.79,NA,NA
"289",3334,"Dee Brown","RB",NA,2001,"CAR",6,175,"BrowDe02",43,2,0.744186047,NA,NA,NA,NA,NA,NA,NA,NA,NA,NA,NA
"290",3347,"Cedric Peerman","RB","Virginia",2009,"BAL",6,185,"PeerCe00",92,4,0.695652174,69.5,216,NA,4.34,27,40,117,4.29,6.99,NA,NA
"291",3357,"Jeremi Johnson","RB",NA,2003,"CIN",4,118,"JohnJe00",96,4,0.666666667,NA,NA,NA,NA,NA,NA,NA,NA,NA,NA,NA
"292",3362,"Andy Janovich","RB","Nebraska",2016,"DEN",6,176,"JanoAn00",50,2,0.64,73,238,NA,4.81,30,34,119,4.32,7.28,NA,NA
"293",3363,"Garrett Wolfe","RB","Northern Illinois",2007,"CHI",3,93,"WolfGa00",50,2,0.64,67.5,186,NA,4.4,22,35.5,116,4.08,6.69,NA,NA
"294",3373,"Paul Smith","RB",NA,2000,"SF",5,132,"SmitPa00",79,3,0.607594937,NA,NA,NA,NA,NA,NA,NA,NA,NA,NA,NA
"295",3376,"Frank Summers","RB",NA,2009,"PIT",5,169,"SummFr00",27,1,0.592592593,NA,NA,NA,NA,NA,NA,NA,NA,NA,NA,NA
"296",3378,"Jameel Cook","RB",NA,2001,"TB",6,174,"CookJa00",109,4,0.587155963,NA,NA,NA,NA,NA,NA,NA,NA,NA,NA,NA
"297",3389,"Isaiah Pead","RB","Cincinnati",2012,"STL",2,50,"PeadIs00",30,1,0.533333333,70.125,197,NA,4.39,NA,33,116,4.32,6.95,NA,NA
"298",3391,"Taiwan Jones","RB","Eastern Washington",2011,"OAK",4,125,"JoneTa00",91,3,0.527472527,71.625,194,NA,4.53,13,32,115,4.33,7.25,NA,NA
"299",3401,"Cyrus Gray","RB","Texas A&M",2012,"KC",6,182,"GrayCy00",35,1,0.457142857,70.375,206,NA,4.4,21,32.5,114,NA,7.17,NA,NA
"300",3405,"Lawrence Vickers","RB",NA,2006,"CLE",6,180,"VickLa00",106,3,0.452830189,NA,NA,NA,NA,NA,NA,NA,NA,NA,NA,NA
"301",3407,"Deon Anderson","RB",NA,2007,"DAL",6,195,"AndeDe01",39,1,0.41025641,NA,NA,NA,NA,NA,NA,NA,NA,NA,NA,NA
"302",3411,"Madison Hedgecock","RB",NA,2005,"STL",7,251,"HedgMa00",84,2,0.380952381,NA,NA,NA,NA,NA,NA,NA,NA,NA,NA,NA
"303",3413,"Dan Vitale","RB","Northwestern",2016,"TB",6,197,"VitaDa00",44,1,0.363636364,72.875,239,NA,4.6,30,38.5,123,4.12,7.12,NA,NA
"304",3416,"Mike Karney","RB",NA,2004,"NO",5,156,"KarnMi00",101,2,0.316831683,NA,NA,NA,NA,NA,NA,NA,NA,NA,NA,NA
"305",3422,"Terrelle Smith","RB",NA,2000,"NO",4,96,"SmitTe00",146,2,0.219178082,NA,NA,NA,NA,NA,NA,NA,NA,NA,NA,NA
"306",3423,"Owen Schmitt","RB",NA,2008,"SEA",5,163,"SchmOw00",74,1,0.216216216,NA,NA,NA,NA,NA,NA,NA,NA,NA,NA,NA
"307",3424,"Moran Norris","RB",NA,2001,"NO",4,115,"NorrMo00",140,1,0.114285714,NA,NA,NA,NA,NA,NA,NA,NA,NA,NA,NA
"308",3438,"Chauncey Washington","RB","Southern California",2008,"JAX",7,213,"WashCh00",11,0,0,71.375,211,NA,NA,NA,NA,NA,NA,NA,NA,NA
"309",3442,"Daniel Lasco","RB","California",2016,"NO",7,237,"LascDa00",10,0,0,72.25,209,NA,4.46,23,41.5,135,4.26,7.22,NA,NA
"310",3445,"De'Angelo Henderson","RB",NA,2017,"DEN",6,203,"HendDe01",8,0,0,NA,NA,NA,NA,NA,NA,NA,NA,NA,NA,NA
"311",3447,"Deon Dyer","RB",NA,2000,"MIA",4,117,"DyerDe00",45,0,0,NA,NA,NA,NA,NA,NA,NA,NA,NA,NA,NA
"312",3448,"Devante Mays","RB","Utah State",2017,"GB",7,238,"MaysDe00",8,0,0,70.375,230,NA,NA,NA,NA,NA,NA,NA,NA,NA
"313",3458,"Eric Shelton","RB","Louisville",2005,"CAR",2,54,"ShelEr00",9,0,0,73.5,246,NA,4.57,NA,38.5,122,4.08,7.46,NA,NA
"314",3461,"Gartrell Johnson","RB","Colorado State",2009,"SD",4,134,"JohnGa01",19,0,0,70.25,219,NA,4.75,20,34,114,NA,NA,NA,NA
"315",3467,"Jamar Martin","RB",NA,2002,"DAL",4,129,"MartJa01",25,0,0,NA,NA,NA,NA,NA,NA,NA,NA,NA,NA,NA
"316",3468,"Jamie Harper","RB","Clemson",2011,"TEN",4,130,"HarpJa01",23,0,0,71.375,233,NA,4.53,24,36.5,120,4.39,7.16,NA,NA
"317",3473,"John Conner","RB",NA,2010,"NYJ",5,139,"ConnJo00",62,0,0,NA,NA,NA,NA,NA,NA,NA,NA,NA,NA,NA
"318",3477,"Johnny White","RB","North Carolina",2011,"BUF",5,133,"WhitJo01",19,0,0,69.875,209,NA,4.5,NA,32.5,117,4.31,7.07,NA,NA
"319",3479,"Jordan Scarlett","RB","Florida",2019,"CAR",5,154,"ScarJo00",9,0,0,70.375,208,NA,4.47,21,30,116,4.63,7.37,NA,NA
"320",3480,"Justin Green","RB",NA,2005,"BAL",5,158,"GreeJu00",39,0,0,NA,NA,NA,NA,NA,NA,NA,NA,NA,NA,NA
"321",3489,"Marion Grice","RB","Arizona State",2014,"SD",6,201,"GricMa00",10,0,0,72,208,NA,NA,NA,NA,NA,NA,NA,NA,NA
"322",3498,"Michael Burton","RB",NA,2015,"DET",5,168,"BurtMi00",65,0,0,NA,NA,NA,NA,NA,NA,NA,NA,NA,NA,NA
"323",3499,"Michael Cox","RB","Massachusetts",2013,"NYG",7,253,"CoxxMi00",18,0,0,71.75,222,NA,NA,NA,NA,NA,NA,NA,NA,NA
"324",3512,"Omar Easy","RB",NA,2002,"KC",4,107,"EasyOm00",53,0,0,NA,NA,NA,NA,NA,NA,NA,NA,NA,NA,NA
"325",3513,"Oren O'Neal","RB",NA,2007,"OAK",6,175,"ONeaOr00",18,0,0,NA,NA,NA,NA,NA,NA,NA,NA,NA,NA,NA
"326",3515,"Qadree Ollison","RB","Pittsburgh",2019,"ATL",5,152,"OlliQa00",8,0,0,72.625,228,NA,4.58,19,29.5,114,4.31,7.53,NA,NA
"327",3527,"Shyrone Stith","RB","Virginia Tech",2000,"JAX",7,243,"StitSh00",15,0,0,67.4,204,NA,4.65,13,35,111,4.14,7.14,NA,NA
"328",3533,"Tony Hunt","RB",NA,2007,"PHI",3,90,"HuntTo01",14,0,0,NA,NA,NA,NA,NA,NA,NA,NA,NA,NA,NA
